Callisto,20
1000000,Callisto-1,6.9,13.9,1.7,white,70
2000000,Callisto-1,6.9,13.9,1.7,white,70
3000000,Callisto-1,6.9,13.9,1.7,white,70,Callisto-2,6.9,7.05,18.65,white,70
4000000,Callisto-1,6.9,13.9,1.7,white,70,Callisto-2,6.9,7.05,18.65,white,70,Callisto-3,5.8,7.85,17.6,white,70,Callisto-4,18.25,2.55,8.3,white,70
5000000,Callisto-1,6.9,13.9,1.7,white,70,Callisto-2,6.9,7.05,18.65,white,70,Callisto-3,5.8,7.85,17.6,white,70,Callisto-4,18.25,2.55,8.3,white,70
6000000,Callisto-1,6.9,13.9,1.7,white,70,Callisto-2,6.9,7.05,18.65,white,70,Callisto-3,5.8,7.85,17.6,white,70,Callisto-4,18.25,2.55,8.3,white,70,Callisto-5,7.4,15.05,10.3,white,70
7000000,Callisto-1,6.9,13.9,1.7,white,70,Callisto-2,6.9,7.05,18.65,white,70,Callisto-3,5.8,7.85,17.6,white,70,Callisto-4,18.25,2.55,8.3,white,70,Callisto-5,7.4,15.05,10.3,white,70,Callisto-6,2.75,3.9,2.7,white,70,Callisto-7,5.25,18.4,14.6,white,70,Callisto-8,15.75,1.75,6.7,white,70
8000000,Callisto-1,6.9,13.9,1.7,white,70,Callisto-2,6.9,7.05,18.65,white,70,Callisto-3,5.8,7.85,17.6,white,70,Callisto-4,18.25,2.55,8.3,white,70,Callisto-5,7.4,15.05,10.3,white,70,Callisto-6,2.75,3.9,2.7,white,70,Callisto-7,5.25,18.4,14.6,white,70,Callisto-8,15.75,1.75,6.7,white,70,Callisto-9,17.45,0.35,5.95,white,70
9000000,Callisto-1,6.9,13.9,1.7,white,70,Callisto-2,6.9,7.05,18.65,white,70,Callisto-3,5.8,7.85,17.6,white,70,Callisto-4,18.25,2.55,8.3,white,70,Callisto-5,7.4,15.05,10.3,white,70,Callisto-6,2.75,3.9,2.7,white,70,Callisto-7,5.25,18.4,14.6,white,70,Callisto-8,15.75,1.75,6.7,white,70,Callisto-9,17.45,0.35,5.95,white,70,Callisto-10,3.45,1.65,3.7,white,70
10000000,Callisto-1,6.9,13.9,1.7,deep blue white,2.12504,Callisto-2,6.9,7.05,18.65,white,70,Callisto-3,5.8,7.85,17.6,white,70,Callisto-4,18.25,2.55,8.3,white,70,Callisto-5,7.4,15.05,10.3,white,70,Callisto-6,2.75,3.9,2.7,white,70,Callisto-7,5.25,18.4,14.6,white,70,Callisto-8,15.75,1.75,6.7,white,70,Callisto-9,17.45,0.35,5.95,white,70,Callisto-10,3.45,1.65,3.7,white,70
11000000,Callisto-1,6.9,13.9,1.7,deep blue white,2.12504,Callisto-2,6.9,7.05,18.65,white,70,Callisto-3,5.8,7.85,17.6,white,70,Callisto-4,18.25,2.55,8.3,white,70,Callisto-5,7.4,15.05,10.3,white,70,Callisto-6,2.75,3.9,2.7,white,70,Callisto-7,5.25,18.4,14.6,white,70,Callisto-8,15.75,1.75,6.7,white,70,Callisto-9,17.45,0.35,5.95,white,70,Callisto-10,3.45,1.65,3.7,white,70
12000000,Callisto-1,6.9,13.9,1.7,deep blue white,2.12504,Callisto-2,6.9,7.05,18.65,deep blue white,2.44148,Callisto-3,5.8,7.85,17.6,white,70,Callisto-4,18.25,2.55,8.3,white,70,Callisto-5,7.4,15.05,10.3,white,70,Callisto-6,2.75,3.9,2.7,white,70,Callisto-7,5.25,18.4,14.6,white,70,Callisto-8,15.75,1.75,6.7,white,70,Callisto-9,17.45,0.35,5.95,white,70,Callisto-10,3.45,1.65,3.7,white,70
13000000,Callisto-1,6.9,13.9,1.7,deep blue white,2.12504,Callisto-2,6.9,7.05,18.65,deep blue white,2.44148,Callisto-3,5.8,7.85,17.6,blue white,1.25713,Callisto-4,18.25,2.55,8.3,deep blue white,2.72453,Callisto-5,7.4,15.05,10.3,white,70,Callisto-6,2.75,3.9,2.7,white,70,Callisto-7,5.25,18.4,14.6,white,70,Callisto-8,15.75,1.75,6.7,white,70,Callisto-9,17.45,0.35,5.95,white,70,Callisto-10,3.45,1.65,3.7,white,70
14000000,Callisto-1,6.9,13.9,1.7,deep blue white,2.12504,Callisto-2,6.9,7.05,18.65,deep blue white,2.44148,Callisto-3,5.8,7.85,17.6,blue white,1.25713,Callisto-4,18.25,2.55,8.3,deep blue white,2.72453,Callisto-5,7.4,15.05,10.3,white,70,Callisto-6,2.75,3.9,2.7,white,70,Callisto-7,5.25,18.4,14.6,white,70,Callisto-8,15.75,1.75,6.7,white,70,Callisto-9,17.45,0.35,5.95,white,70,Callisto-10,3.45,1.65,3.7,white,70,Callisto-11,5.5,13.8,1.95,white,70
15000000,Callisto-1,6.9,13.9,1.7,deep blue white,2.12504,Callisto-2,6.9,7.05,18.65,deep blue white,2.44148,Callisto-3,5.8,7.85,17.6,blue white,1.25713,Callisto-4,18.25,2.55,8.3,deep blue white,2.72453,Callisto-5,7.4,15.05,10.3,deep blue white,3.24539,Callisto-6,2.75,3.9,2.7,white,70,Callisto-7,5.25,18.4,14.6,white,70,Callisto-8,15.75,1.75,6.7,white,70,Callisto-9,17.45,0.35,5.95,white,70,Callisto-10,3.45,1.65,3.7,white,70,Callisto-11,5.5,13.8,1.95,white,70
16000000,Callisto-1,6.9,13.9,1.7,deep blue white,2.12504,Callisto-2,6.9,7.05,18.65,deep blue white,2.44148,Callisto-3,5.8,7.85,17.6,blue white,1.25713,Callisto-4,18.25,2.55,8.3,deep blue white,2.72453,Callisto-5,7.4,15.05,10.3,deep blue white,3.24539,Callisto-6,2.75,3.9,2.7,blue white,1.26934,Callisto-7,5.25,18.4,14.6,deep blue white,1.58991,Callisto-8,15.75,1.75,6.7,blue white,1.37003,Callisto-9,17.45,0.35,5.95,white,70,Callisto-10,3.45,1.65,3.7,white,70,Callisto-11,5.5,13.8,1.95,white,70
17000000,Callisto-1,6.9,13.9,1.7,deep blue white,2.12504,Callisto-2,6.9,7.05,18.65,deep blue white,2.44148,Callisto-3,5.8,7.85,17.6,blue white,1.25713,Callisto-4,18.25,2.55,8.3,deep blue white,2.72453,Callisto-5,7.4,15.05,10.3,deep blue white,3.24539,Callisto-6,2.75,3.9,2.7,blue white,1.26934,Callisto-7,5.25,18.4,14.6,deep blue white,1.58991,Callisto-8,15.75,1.75,6.7,blue white,1.37003,Callisto-9,17.45,0.35,5.95,yellow,1.00217,Callisto-10,3.45,1.65,3.7,white,70,Callisto-11,5.5,13.8,1.95,white,70,Callisto-12,2.55,4.85,3.75,white,70,Callisto-13,7.75,17.45,11.55,white,70
18000000,Callisto-1,6.9,13.9,1.7,deep blue white,2.12504,Callisto-2,6.9,7.05,18.65,deep blue white,2.44148,Callisto-3,5.8,7.85,17.6,blue white,1.25713,Callisto-4,18.25,2.55,8.3,deep blue white,2.72453,Callisto-5,7.4,15.05,10.3,deep blue white,3.24539,Callisto-6,2.75,3.9,2.7,blue white,1.26934,Callisto-7,5.25,18.4,14.6,deep blue white,1.58991,Callisto-8,15.75,1.75,6.7,blue white,1.37003,Callisto-9,17.45,0.35,5.95,yellow,1.00217,Callisto-10,3.45,1.65,3.7,blue white,1.25617,Callisto-11,5.5,13.8,1.95,white,70,Callisto-12,2.55,4.85,3.75,white,70,Callisto-13,7.75,17.45,11.55,white,70
19000000,Callisto-1,6.9,13.9,1.7,deep blue white,2.12504,Callisto-2,6.9,7.05,18.65,deep blue white,2.44148,Callisto-3,5.8,7.85,17.6,blue white,1.25713,Callisto-4,18.25,2.55,8.3,deep blue white,2.72453,Callisto-5,7.4,15.05,10.3,deep blue white,3.24539,Callisto-6,2.75,3.9,2.7,blue white,1.26934,Callisto-7,5.25,18.4,14.6,deep blue white,1.58991,Callisto-8,15.75,1.75,6.7,blue white,1.37003,Callisto-9,17.45,0.35,5.95,yellow,1.00217,Callisto-10,3.45,1.65,3.7,blue white,1.25617,Callisto-11,5.5,13.8,1.95,white,70,Callisto-12,2.55,4.85,3.75,white,70,Callisto-13,7.75,17.45,11.55,white,70
20000000,Callisto-1,6.9,13.9,1.7,deep blue white,2.12504,Callisto-2,6.9,7.05,18.65,deep blue white,2.44148,Callisto-3,5.8,7.85,17.6,blue white,1.25713,Callisto-4,18.25,2.55,8.3,deep blue white,2.72453,Callisto-5,7.4,15.05,10.3,deep blue white,3.24539,Callisto-6,2.75,3.9,2.7,blue white,1.26934,Callisto-7,5.25,18.4,14.6,deep blue white,1.58991,Callisto-8,15.75,1.75,6.7,blue white,1.37003,Callisto-9,17.45,0.35,5.95,yellow,1.00217,Callisto-10,3.45,1.65,3.7,blue white,1.25617,Callisto-11,5.5,13.8,1.95,white,70,Callisto-12,2.55,4.85,3.75,white,70,Callisto-13,7.75,17.45,11.55,white,70
21000000,Callisto-1,6.9,13.9,1.7,deep blue white,2.12504,Callisto-2,6.9,7.05,18.65,deep blue white,2.44148,Callisto-3,5.8,7.85,17.6,blue white,1.25713,Callisto-4,18.25,2.55,8.3,deep blue white,2.72453,Callisto-5,7.4,15.05,10.3,deep blue white,3.24539,Callisto-6,2.75,3.9,2.7,blue white,1.26934,Callisto-7,5.25,18.4,14.6,deep blue white,1.58991,Callisto-8,15.75,1.75,6.7,blue white,1.37003,Callisto-9,17.45,0.35,5.95,yellow,1.00217,Callisto-10,3.45,1.65,3.7,blue white,1.25617,Callisto-11,5.5,13.8,1.95,white,70,Callisto-12,2.55,4.85,3.75,white,70,Callisto-13,7.75,17.45,11.55,white,70
22000000,Callisto-1,6.9,13.9,1.7,deep blue white,2.12504,Callisto-2,6.9,7.05,18.65,deep blue white,2.44148,Callisto-3,5.8,7.85,17.6,blue white,1.25713,Callisto-4,18.25,2.55,8.3,deep blue white,2.72453,Callisto-5,7.4,15.05,10.3,deep blue white,3.24539,Callisto-6,2.75,3.9,2.7,blue white,1.26934,Callisto-7,5.25,18.4,14.6,deep blue white,1.58991,Callisto-8,15.75,1.75,6.7,blue white,1.37003,Callisto-9,17.45,0.35,5.95,yellow,1.00217,Callisto-10,3.45,1.65,3.7,blue white,1.25617,Callisto-11,5.5,13.8,1.95,white,70,Callisto-12,2.55,4.85,3.75,white,70,Callisto-13,7.75,17.45,11.55,white,70,Callisto-14,3,2.7,2.65,white,70
23000000,Callisto-1,6.9,13.9,1.7,deep blue white,2.12504,Callisto-2,6.9,7.05,18.65,deep blue white,2.44148,Callisto-3,5.8,7.85,17.6,blue white,1.25713,Callisto-4,18.25,2.55,8.3,deep blue white,2.72453,Callisto-5,7.4,15.05,10.3,deep blue white,3.24539,Callisto-6,2.75,3.9,2.7,blue white,1.26934,Callisto-7,5.25,18.4,14.6,deep blue white,1.58991,Callisto-8,15.75,1.75,6.7,blue white,1.37003,Callisto-9,17.45,0.35,5.95,yellow,1.00217,Callisto-10,3.45,1.65,3.7,blue white,1.25617,Callisto-11,5.5,13.8,1.95,deep blue white,1.79344,Callisto-12,2.55,4.85,3.75,white,70,Callisto-13,7.75,17.45,11.55,white,70,Callisto-14,3,2.7,2.65,white,70,Callisto-15,6.6,19.1,14.35,white,70
24000000,Callisto-1,6.9,13.9,1.7,deep blue white,2.12504,Callisto-2,6.9,7.05,18.65,deep blue white,2.44148,Callisto-3,5.8,7.85,17.6,blue white,1.25713,Callisto-4,18.25,2.55,8.3,deep blue white,2.72453,Callisto-5,7.4,15.05,10.3,deep blue white,3.24539,Callisto-6,2.75,3.9,2.7,blue white,1.26934,Callisto-7,5.25,18.4,14.6,deep blue white,1.58991,Callisto-8,15.75,1.75,6.7,blue white,1.37003,Callisto-9,17.45,0.35,5.95,yellow,1.00217,Callisto-10,3.45,1.65,3.7,blue white,1.25617,Callisto-11,5.5,13.8,1.95,deep blue white,1.79344,Callisto-12,2.55,4.85,3.75,white,70,Callisto-13,7.75,17.45,11.55,white,70,Callisto-14,3,2.7,2.65,white,70,Callisto-15,6.6,19.1,14.35,white,70,Callisto-16,5.55,17.05,12,white,70
25000000,Callisto-1,6.9,13.9,1.7,deep blue white,2.12504,Callisto-2,6.9,7.05,18.65,deep blue white,2.44148,Callisto-3,5.8,7.85,17.6,blue white,1.25713,Callisto-4,18.25,2.55,8.3,deep blue white,2.72453,Callisto-5,7.4,15.05,10.3,deep blue white,3.24539,Callisto-6,2.75,3.9,2.7,blue white,1.26934,Callisto-7,5.25,18.4,14.6,deep blue white,1.58991,Callisto-8,15.75,1.75,6.7,blue white,1.37003,Callisto-9,17.45,0.35,5.95,yellow,1.00217,Callisto-10,3.45,1.65,3.7,blue white,1.25617,Callisto-11,5.5,13.8,1.95,deep blue white,1.79344,Callisto-12,2.55,4.85,3.75,white,70,Callisto-13,7.75,17.45,11.55,white,70,Callisto-14,3,2.7,2.65,white,70,Callisto-15,6.6,19.1,14.35,white,70,Callisto-16,5.55,17.05,12,white,70
26000000,Callisto-1,6.9,13.9,1.7,deep blue white,2.12504,Callisto-2,6.9,7.05,18.65,deep blue white,2.44148,Callisto-3,5.8,7.85,17.6,blue white,1.25713,Callisto-4,18.25,2.55,8.3,deep blue white,2.72453,Callisto-5,7.4,15.05,10.3,deep blue white,3.24539,Callisto-6,2.75,3.9,2.7,blue white,1.26934,Callisto-7,5.25,18.4,14.6,deep blue white,1.58991,Callisto-8,15.75,1.75,6.7,blue white,1.37003,Callisto-9,17.45,0.35,5.95,yellow,1.00217,Callisto-10,3.45,1.65,3.7,blue white,1.25617,Callisto-11,5.5,13.8,1.95,deep blue white,1.79344,Callisto-12,2.55,4.85,3.75,orange,0.822465,Callisto-13,7.75,17.45,11.55,deep blue white,2.13605,Callisto-14,3,2.7,2.65,white,70,Callisto-15,6.6,19.1,14.35,white,70,Callisto-16,5.55,17.05,12,white,70
27000000,Callisto-1,6.9,13.9,1.7,deep blue white,2.12504,Callisto-2,6.9,7.05,18.65,deep blue white,2.44148,Callisto-3,5.8,7.85,17.6,blue white,1.25713,Callisto-4,18.25,2.55,8.3,deep blue white,2.72453,Callisto-5,7.4,15.05,10.3,deep blue white,3.24539,Callisto-6,2.75,3.9,2.7,blue white,1.26934,Callisto-7,5.25,18.4,14.6,deep blue white,1.58991,Callisto-8,15.75,1.75,6.7,blue white,1.37003,Callisto-9,17.45,0.35,5.95,yellow,1.00217,Callisto-10,3.45,1.65,3.7,blue white,1.25617,Callisto-11,5.5,13.8,1.95,deep blue white,1.79344,Callisto-12,2.55,4.85,3.75,orange,0.822465,Callisto-13,7.75,17.45,11.55,deep blue white,2.13605,Callisto-14,3,2.7,2.65,white,70,Callisto-15,6.6,19.1,14.35,white,70,Callisto-16,5.55,17.05,12,white,70
28000000,Callisto-1,6.9,13.9,1.7,deep blue white,2.12504,Callisto-2,6.9,7.05,18.65,deep blue white,2.44148,Callisto-3,5.8,7.85,17.6,blue white,1.25713,Callisto-4,18.25,2.55,8.3,deep blue white,2.72453,Callisto-5,7.4,15.05,10.3,deep blue white,3.24539,Callisto-6,2.75,3.9,2.7,blue white,1.26934,Callisto-7,5.25,18.4,14.6,deep blue white,1.58991,Callisto-8,15.75,1.75,6.7,blue white,1.37003,Callisto-9,17.45,0.35,5.95,yellow,1.00217,Callisto-10,3.45,1.65,3.7,blue white,1.25617,Callisto-11,5.5,13.8,1.95,deep blue white,1.79344,Callisto-12,2.55,4.85,3.75,orange,0.822465,Callisto-13,7.75,17.45,11.55,deep blue white,2.13605,Callisto-14,3,2.7,2.65,white,70,Callisto-15,6.6,19.1,14.35,white,70,Callisto-16,5.55,17.05,12,white,70
29000000,Callisto-1,6.9,13.9,1.7,deep blue white,2.12504,Callisto-2,6.9,7.05,18.65,deep blue white,2.44148,Callisto-3,5.8,7.85,17.6,blue white,1.25713,Callisto-4,18.25,2.55,8.3,deep blue white,2.72453,Callisto-5,7.4,15.05,10.3,deep blue white,3.24539,Callisto-6,2.75,3.9,2.7,blue white,1.26934,Callisto-7,5.25,18.4,14.6,deep blue white,1.58991,Callisto-8,15.75,1.75,6.7,blue white,1.37003,Callisto-9,17.45,0.35,5.95,yellow,1.00217,Callisto-10,3.45,1.65,3.7,blue white,1.25617,Callisto-11,5.5,13.8,1.95,deep blue white,1.79344,Callisto-12,2.55,4.85,3.75,orange,0.822465,Callisto-13,7.75,17.45,11.55,deep blue white,2.13605,Callisto-14,3,2.7,2.65,white,70,Callisto-15,6.6,19.1,14.35,white,70,Callisto-16,5.55,17.05,12,white,70
30000000,Callisto-1,6.9,13.9,1.7,deep blue white,2.12504,Callisto-2,6.9,7.05,18.65,deep blue white,2.44148,Callisto-3,5.8,7.85,17.6,blue white,1.25713,Callisto-4,18.25,2.55,8.3,deep blue white,2.72453,Callisto-5,7.4,15.05,10.3,deep blue white,3.24539,Callisto-6,2.75,3.9,2.7,blue white,1.26934,Callisto-7,5.25,18.4,14.6,deep blue white,1.58991,Callisto-8,15.75,1.75,6.7,blue white,1.37003,Callisto-9,17.45,0.35,5.95,yellow,1.00217,Callisto-10,3.45,1.65,3.7,blue white,1.25617,Callisto-11,5.5,13.8,1.95,deep blue white,1.79344,Callisto-12,2.55,4.85,3.75,orange,0.822465,Callisto-13,7.75,17.45,11.55,deep blue white,2.13605,Callisto-14,3,2.7,2.65,white,70,Callisto-15,6.6,19.1,14.35,white,70,Callisto-16,5.55,17.05,12,white,70
31000000,Callisto-1,6.9,13.9,1.7,deep blue white,2.12504,Callisto-2,6.9,7.05,18.65,deep blue white,2.44148,Callisto-3,5.8,7.85,17.6,blue white,1.25713,Callisto-4,18.25,2.55,8.3,deep blue white,2.72453,Callisto-5,7.4,15.05,10.3,deep blue white,3.24539,Callisto-6,2.75,3.9,2.7,blue white,1.26934,Callisto-7,5.25,18.4,14.6,deep blue white,1.58991,Callisto-8,15.75,1.75,6.7,blue white,1.37003,Callisto-9,17.45,0.35,5.95,yellow,1.00217,Callisto-10,3.45,1.65,3.7,blue white,1.25617,Callisto-11,5.5,13.8,1.95,deep blue white,1.79344,Callisto-12,2.55,4.85,3.75,orange,0.822465,Callisto-13,7.75,17.45,11.55,deep blue white,2.13605,Callisto-14,3,2.7,2.65,orange,0.686414,Callisto-15,6.6,19.1,14.35,white,70,Callisto-16,5.55,17.05,12,white,70
32000000,Callisto-1,6.9,13.9,1.7,deep blue white,2.12504,Callisto-2,6.9,7.05,18.65,deep blue white,2.44148,Callisto-3,5.8,7.85,17.6,blue white,1.25713,Callisto-4,18.25,2.55,8.3,deep blue white,2.72453,Callisto-5,7.4,15.05,10.3,deep blue white,3.24539,Callisto-6,2.75,3.9,2.7,blue white,1.26934,Callisto-7,5.25,18.4,14.6,deep blue white,1.58991,Callisto-8,15.75,1.75,6.7,blue white,1.37003,Callisto-9,17.45,0.35,5.95,yellow,1.00217,Callisto-10,3.45,1.65,3.7,blue white,1.25617,Callisto-11,5.5,13.8,1.95,deep blue white,1.79344,Callisto-12,2.55,4.85,3.75,orange,0.822465,Callisto-13,7.75,17.45,11.55,deep blue white,2.13605,Callisto-14,3,2.7,2.65,orange,0.686414,Callisto-15,6.6,19.1,14.35,deep blue white,1.69024,Callisto-16,5.55,17.05,12,white,70
33000000,Callisto-1,6.9,13.9,1.7,deep blue white,2.12504,Callisto-2,6.9,7.05,18.65,deep blue white,2.44148,Callisto-3,5.8,7.85,17.6,blue white,1.25713,Callisto-4,18.25,2.55,8.3,deep blue white,2.72453,Callisto-5,7.4,15.05,10.3,deep blue white,3.24539,Callisto-6,2.75,3.9,2.7,blue white,1.26934,Callisto-7,5.25,18.4,14.6,deep blue white,1.58991,Callisto-8,15.75,1.75,6.7,blue white,1.37003,Callisto-9,17.45,0.35,5.95,yellow,1.00217,Callisto-10,3.45,1.65,3.7,blue white,1.25617,Callisto-11,5.5,13.8,1.95,deep blue white,1.79344,Callisto-12,2.55,4.85,3.75,orange,0.822465,Callisto-13,7.75,17.45,11.55,deep blue white,2.13605,Callisto-14,3,2.7,2.65,orange,0.686414,Callisto-15,6.6,19.1,14.35,deep blue white,1.69024,Callisto-16,5.55,17.05,12,red,0.261778,Callisto-17,4.9,1.4,1.25,white,70
34000000,Callisto-1,6.9,13.9,1.7,deep blue white,2.12504,Callisto-2,6.9,7.05,18.65,deep blue white,2.44148,Callisto-3,5.8,7.85,17.6,blue white,1.25713,Callisto-4,18.25,2.55,8.3,deep blue white,2.72453,Callisto-5,7.4,15.05,10.3,deep blue white,3.24539,Callisto-6,2.75,3.9,2.7,blue white,1.26934,Callisto-7,5.25,18.4,14.6,deep blue white,1.58991,Callisto-8,15.75,1.75,6.7,blue white,1.37003,Callisto-9,17.45,0.35,5.95,yellow,1.00217,Callisto-10,3.45,1.65,3.7,blue white,1.25617,Callisto-11,5.5,13.8,1.95,deep blue white,1.79344,Callisto-12,2.55,4.85,3.75,orange,0.822465,Callisto-13,7.75,17.45,11.55,deep blue white,2.13605,Callisto-14,3,2.7,2.65,orange,0.686414,Callisto-15,6.6,19.1,14.35,deep blue white,1.69024,Callisto-16,5.55,17.05,12,red,0.261778,Callisto-17,4.9,1.4,1.25,white,70
35000000,Callisto-1,6.9,13.9,1.7,deep blue white,2.12504,Callisto-2,6.9,7.05,18.65,deep blue white,2.44148,Callisto-3,5.8,7.85,17.6,blue white,1.25713,Callisto-4,18.25,2.55,8.3,deep blue white,2.72453,Callisto-5,7.4,15.05,10.3,deep blue white,3.24539,Callisto-6,2.75,3.9,2.7,blue white,1.26934,Callisto-7,5.25,18.4,14.6,deep blue white,1.58991,Callisto-8,15.75,1.75,6.7,blue white,1.37003,Callisto-9,17.45,0.35,5.95,yellow,1.00217,Callisto-10,3.45,1.65,3.7,blue white,1.25617,Callisto-11,5.5,13.8,1.95,deep blue white,1.79344,Callisto-12,2.55,4.85,3.75,orange,0.822465,Callisto-13,7.75,17.45,11.55,deep blue white,2.13605,Callisto-14,3,2.7,2.65,orange,0.686414,Callisto-15,6.6,19.1,14.35,deep blue white,1.69024,Callisto-16,5.55,17.05,12,red,0.261778,Callisto-17,4.9,1.4,1.25,white,70
36000000,Callisto-1,6.9,13.9,1.7,deep blue white,2.12504,Callisto-2,6.9,7.05,18.65,deep blue white,2.44148,Callisto-3,5.8,7.85,17.6,blue white,1.25713,Callisto-4,18.25,2.55,8.3,deep blue white,2.72453,Callisto-5,7.4,15.05,10.3,deep blue white,3.24539,Callisto-6,2.75,3.9,2.7,blue white,1.26934,Callisto-7,5.25,18.4,14.6,deep blue white,1.58991,Callisto-8,15.75,1.75,6.7,blue white,1.37003,Callisto-9,17.45,0.35,5.95,yellow,1.00217,Callisto-10,3.45,1.65,3.7,blue white,1.25617,Callisto-11,5.5,13.8,1.95,deep blue white,1.79344,Callisto-12,2.55,4.85,3.75,orange,0.822465,Callisto-13,7.75,17.45,11.55,deep blue white,2.13605,Callisto-14,3,2.7,2.65,orange,0.686414,Callisto-15,6.6,19.1,14.35,deep blue white,1.69024,Callisto-16,5.55,17.05,12,red,0.261778,Callisto-17,4.9,1.4,1.25,white,70
37000000,Callisto-1,6.9,13.9,1.7,deep blue white,2.12504,Callisto-2,6.9,7.05,18.65,deep blue white,2.44148,Callisto-3,5.8,7.85,17.6,blue white,1.25713,Callisto-4,18.25,2.55,8.3,deep blue white,2.72453,Callisto-5,7.4,15.05,10.3,deep blue white,3.24539,Callisto-6,2.75,3.9,2.7,blue white,1.26934,Callisto-7,5.25,18.4,14.6,deep blue white,1.58991,Callisto-8,15.75,1.75,6.7,blue white,1.37003,Callisto-9,17.45,0.35,5.95,yellow,1.00217,Callisto-10,3.45,1.65,3.7,blue white,1.25617,Callisto-11,5.5,13.8,1.95,deep blue white,1.79344,Callisto-12,2.55,4.85,3.75,orange,0.822465,Callisto-13,7.75,17.45,11.55,deep blue white,2.13605,Callisto-14,3,2.7,2.65,orange,0.686414,Callisto-15,6.6,19.1,14.35,deep blue white,1.69024,Callisto-16,5.55,17.05,12,red,0.261778,Callisto-17,4.9,1.4,1.25,white,70,Callisto-18,5.4,14.55,2.3,white,70
38000000,Callisto-1,6.9,13.9,1.7,deep blue white,2.12504,Callisto-2,6.9,7.05,18.65,deep blue white,2.44148,Callisto-3,5.8,7.85,17.6,blue white,1.25713,Callisto-4,18.25,2.55,8.3,deep blue white,2.72453,Callisto-5,7.4,15.05,10.3,deep blue white,3.24539,Callisto-6,2.75,3.9,2.7,blue white,1.26934,Callisto-7,5.25,18.4,14.6,deep blue white,1.58991,Callisto-8,15.75,1.75,6.7,blue white,1.37003,Callisto-9,17.45,0.35,5.95,yellow,1.00217,Callisto-10,3.45,1.65,3.7,blue white,1.25617,Callisto-11,5.5,13.8,1.95,deep blue white,1.79344,Callisto-12,2.55,4.85,3.75,orange,0.822465,Callisto-13,7.75,17.45,11.55,deep blue white,2.13605,Callisto-14,3,2.7,2.65,orange,0.686414,Callisto-15,6.6,19.1,14.35,deep blue white,1.69024,Callisto-16,5.55,17.05,12,red,0.261778,Callisto-17,4.9,1.4,1.25,white,70,Callisto-18,5.4,14.55,2.3,white,70
39000000,Callisto-1,6.9,13.9,1.7,deep blue white,2.12504,Callisto-2,6.9,7.05,18.65,deep blue white,2.44148,Callisto-3,5.8,7.85,17.6,blue white,1.25713,Callisto-4,18.25,2.55,8.3,deep blue white,2.72453,Callisto-5,7.4,15.05,10.3,deep blue white,3.24539,Callisto-6,2.75,3.9,2.7,blue white,1.26934,Callisto-7,5.25,18.4,14.6,deep blue white,1.58991,Callisto-8,15.75,1.75,6.7,blue white,1.37003,Callisto-9,17.45,0.35,5.95,yellow,1.00217,Callisto-10,3.45,1.65,3.7,blue white,1.25617,Callisto-11,5.5,13.8,1.95,deep blue white,1.79344,Callisto-12,2.55,4.85,3.75,orange,0.822465,Callisto-13,7.75,17.45,11.55,deep blue white,2.13605,Callisto-14,3,2.7,2.65,orange,0.686414,Callisto-15,6.6,19.1,14.35,deep blue white,1.69024,Callisto-16,5.55,17.05,12,red,0.261778,Callisto-17,4.9,1.4,1.25,white,70,Callisto-18,5.4,14.55,2.3,white,70
40000000,Callisto-1,6.9,13.9,1.7,deep blue white,2.12504,Callisto-2,6.9,7.05,18.65,deep blue white,2.44148,Callisto-3,5.8,7.85,17.6,blue white,1.25713,Callisto-4,18.25,2.55,8.3,deep blue white,2.72453,Callisto-5,7.4,15.05,10.3,deep blue white,3.24539,Callisto-6,2.75,3.9,2.7,blue white,1.26934,Callisto-7,5.25,18.4,14.6,deep blue white,1.58991,Callisto-8,15.75,1.75,6.7,blue white,1.37003,Callisto-9,17.45,0.35,5.95,yellow,1.00217,Callisto-10,3.45,1.65,3.7,blue white,1.25617,Callisto-11,5.5,13.8,1.95,deep blue white,1.79344,Callisto-12,2.55,4.85,3.75,orange,0.822465,Callisto-13,7.75,17.45,11.55,deep blue white,2.13605,Callisto-14,3,2.7,2.65,orange,0.686414,Callisto-15,6.6,19.1,14.35,deep blue white,1.69024,Callisto-16,5.55,17.05,12,red,0.261778,Callisto-17,4.9,1.4,1.25,white,70,Callisto-18,5.4,14.55,2.3,white,70,Callisto-19,8.25,14.5,4.5,white,70
41000000,Callisto-1,6.9,13.9,1.7,deep blue white,2.12504,Callisto-2,6.9,7.05,18.65,deep blue white,2.44148,Callisto-3,5.8,7.85,17.6,blue white,1.25713,Callisto-4,18.25,2.55,8.3,deep blue white,2.72453,Callisto-5,7.4,15.05,10.3,deep blue white,3.24539,Callisto-6,2.75,3.9,2.7,blue white,1.26934,Callisto-7,5.25,18.4,14.6,deep blue white,1.58991,Callisto-8,15.75,1.75,6.7,blue white,1.37003,Callisto-9,17.45,0.35,5.95,yellow,1.00217,Callisto-10,3.45,1.65,3.7,blue white,1.25617,Callisto-11,5.5,13.8,1.95,deep blue white,1.79344,Callisto-12,2.55,4.85,3.75,orange,0.822465,Callisto-13,7.75,17.45,11.55,deep blue white,2.13605,Callisto-14,3,2.7,2.65,orange,0.686414,Callisto-15,6.6,19.1,14.35,deep blue white,1.69024,Callisto-16,5.55,17.05,12,red,0.261778,Callisto-17,4.9,1.4,1.25,white,70,Callisto-18,5.4,14.55,2.3,white,70,Callisto-19,8.25,14.5,4.5,white,70
42000000,Callisto-1,6.9,13.9,1.7,deep blue white,2.12504,Callisto-2,6.9,7.05,18.65,deep blue white,2.44148,Callisto-3,5.8,7.85,17.6,blue white,1.25713,Callisto-4,18.25,2.55,8.3,deep blue white,2.72453,Callisto-5,7.4,15.05,10.3,deep blue white,3.24539,Callisto-6,2.75,3.9,2.7,blue white,1.26934,Callisto-7,5.25,18.4,14.6,deep blue white,1.58991,Callisto-8,15.75,1.75,6.7,blue white,1.37003,Callisto-9,17.45,0.35,5.95,yellow,1.00217,Callisto-10,3.45,1.65,3.7,blue white,1.25617,Callisto-11,5.5,13.8,1.95,deep blue white,1.79344,Callisto-12,2.55,4.85,3.75,orange,0.822465,Callisto-13,7.75,17.45,11.55,deep blue white,2.13605,Callisto-14,3,2.7,2.65,orange,0.686414,Callisto-15,6.6,19.1,14.35,deep blue white,1.69024,Callisto-16,5.55,17.05,12,red,0.261778,Callisto-17,4.9,1.4,1.25,orange,0.583743,Callisto-18,5.4,14.55,2.3,white,70,Callisto-19,8.25,14.5,4.5,white,70
43000000,Callisto-1,6.9,13.9,1.7,deep blue white,2.12504,Callisto-2,6.9,7.05,18.65,deep blue white,2.44148,Callisto-3,5.8,7.85,17.6,blue white,1.25713,Callisto-4,18.25,2.55,8.3,deep blue white,2.72453,Callisto-5,7.4,15.05,10.3,blue white,500,Callisto-6,2.75,3.9,2.7,blue white,1.26934,Callisto-7,5.25,18.4,14.6,deep blue white,1.58991,Callisto-8,15.75,1.75,6.7,blue white,1.37003,Callisto-9,17.45,0.35,5.95,yellow,1.00217,Callisto-10,3.45,1.65,3.7,blue white,1.25617,Callisto-11,5.5,13.8,1.95,deep blue white,1.79344,Callisto-12,2.55,4.85,3.75,orange,0.822465,Callisto-13,7.75,17.45,11.55,deep blue white,2.13605,Callisto-14,3,2.7,2.65,orange,0.686414,Callisto-15,6.6,19.1,14.35,deep blue white,1.69024,Callisto-16,5.55,17.05,12,red,0.261778,Callisto-17,4.9,1.4,1.25,orange,0.583743,Callisto-18,5.4,14.55,2.3,white,70,Callisto-19,8.25,14.5,4.5,white,70
44000000,Callisto-1,6.9,13.9,1.7,deep blue white,2.12504,Callisto-2,6.9,7.05,18.65,deep blue white,2.44148,Callisto-3,5.8,7.85,17.6,blue white,1.25713,Callisto-4,18.25,2.55,8.3,deep blue white,2.72453,Callisto-5,7.4,15.05,10.3,blue white,500,Callisto-6,2.75,3.9,2.7,blue white,1.26934,Callisto-7,5.25,18.4,14.6,deep blue white,1.58991,Callisto-8,15.75,1.75,6.7,blue white,1.37003,Callisto-9,17.45,0.35,5.95,yellow,1.00217,Callisto-10,3.45,1.65,3.7,blue white,1.25617,Callisto-11,5.5,13.8,1.95,deep blue white,1.79344,Callisto-12,2.55,4.85,3.75,orange,0.822465,Callisto-13,7.75,17.45,11.55,deep blue white,2.13605,Callisto-14,3,2.7,2.65,orange,0.686414,Callisto-15,6.6,19.1,14.35,deep blue white,1.69024,Callisto-16,5.55,17.05,12,red,0.261778,Callisto-17,4.9,1.4,1.25,orange,0.583743,Callisto-18,5.4,14.55,2.3,white,70,Callisto-19,8.25,14.5,4.5,white,70
45000000,Callisto-1,6.9,13.9,1.7,deep blue white,2.12504,Callisto-2,6.9,7.05,18.65,deep blue white,2.44148,Callisto-3,5.8,7.85,17.6,blue white,1.25713,Callisto-4,18.25,2.55,8.3,deep blue white,2.72453,Callisto-5,7.4,15.05,10.3,blue white,500,Callisto-6,2.75,3.9,2.7,blue white,1.26934,Callisto-7,5.25,18.4,14.6,deep blue white,1.58991,Callisto-8,15.75,1.75,6.7,blue white,1.37003,Callisto-9,17.45,0.35,5.95,yellow,1.00217,Callisto-10,3.45,1.65,3.7,blue white,1.25617,Callisto-11,5.5,13.8,1.95,deep blue white,1.79344,Callisto-12,2.55,4.85,3.75,orange,0.822465,Callisto-13,7.75,17.45,11.55,deep blue white,2.13605,Callisto-14,3,2.7,2.65,orange,0.686414,Callisto-15,6.6,19.1,14.35,deep blue white,1.69024,Callisto-16,5.55,17.05,12,red,0.261778,Callisto-17,4.9,1.4,1.25,orange,0.583743,Callisto-18,5.4,14.55,2.3,white,70,Callisto-19,8.25,14.5,4.5,white,70
46000000,Callisto-1,6.9,13.9,1.7,deep blue white,2.12504,Callisto-2,6.9,7.05,18.65,deep blue white,2.44148,Callisto-3,5.8,7.85,17.6,blue white,1.25713,Callisto-4,18.25,2.55,8.3,deep blue white,2.72453,Callisto-5,7.4,15.05,10.3,blue white,500,Callisto-6,2.75,3.9,2.7,blue white,1.26934,Callisto-7,5.25,18.4,14.6,deep blue white,1.58991,Callisto-8,15.75,1.75,6.7,blue white,1.37003,Callisto-9,17.45,0.35,5.95,yellow,1.00217,Callisto-10,3.45,1.65,3.7,blue white,1.25617,Callisto-11,5.5,13.8,1.95,deep blue white,1.79344,Callisto-12,2.55,4.85,3.75,orange,0.822465,Callisto-13,7.75,17.45,11.55,deep blue white,2.13605,Callisto-14,3,2.7,2.65,orange,0.686414,Callisto-15,6.6,19.1,14.35,deep blue white,1.69024,Callisto-16,5.55,17.05,12,red,0.261778,Callisto-17,4.9,1.4,1.25,orange,0.583743,Callisto-18,5.4,14.55,2.3,deep blue white,2.41032,Callisto-19,8.25,14.5,4.5,white,70,Callisto-20,7.25,13.05,3.8,white,70
47000000,Callisto-1,6.9,13.9,1.7,deep blue white,2.12504,Callisto-2,6.9,7.05,18.65,deep blue white,2.44148,Callisto-3,5.8,7.85,17.6,blue white,1.25713,Callisto-4,18.25,2.55,8.3,deep blue white,2.72453,Callisto-5,7.4,15.05,10.3,blue white,500,Callisto-6,2.75,3.9,2.7,blue white,1.26934,Callisto-7,5.25,18.4,14.6,deep blue white,1.58991,Callisto-8,15.75,1.75,6.7,blue white,1.37003,Callisto-9,17.45,0.35,5.95,yellow,1.00217,Callisto-10,3.45,1.65,3.7,blue white,1.25617,Callisto-11,5.5,13.8,1.95,deep blue white,1.79344,Callisto-12,2.55,4.85,3.75,orange,0.822465,Callisto-13,7.75,17.45,11.55,deep blue white,2.13605,Callisto-14,3,2.7,2.65,orange,0.686414,Callisto-15,6.6,19.1,14.35,deep blue white,1.69024,Callisto-16,5.55,17.05,12,red,0.261778,Callisto-17,4.9,1.4,1.25,orange,0.583743,Callisto-18,5.4,14.55,2.3,deep blue white,2.41032,Callisto-19,8.25,14.5,4.5,white,70,Callisto-20,7.25,13.05,3.8,white,70
48000000,Callisto-1,6.9,13.9,1.7,deep blue white,2.12504,Callisto-2,6.9,7.05,18.65,deep blue white,2.44148,Callisto-3,5.8,7.85,17.6,blue white,1.25713,Callisto-4,18.25,2.55,8.3,deep blue white,2.72453,Callisto-5,7.4,15.05,10.3,blue white,500,Callisto-6,2.75,3.9,2.7,blue white,1.26934,Callisto-7,5.25,18.4,14.6,deep blue white,1.58991,Callisto-8,15.75,1.75,6.7,blue white,1.37003,Callisto-9,17.45,0.35,5.95,yellow,1.00217,Callisto-10,3.45,1.65,3.7,blue white,1.25617,Callisto-11,5.5,13.8,1.95,deep blue white,1.79344,Callisto-12,2.55,4.85,3.75,orange,0.822465,Callisto-13,7.75,17.45,11.55,deep blue white,2.13605,Callisto-14,3,2.7,2.65,orange,0.686414,Callisto-15,6.6,19.1,14.35,deep blue white,1.69024,Callisto-16,5.55,17.05,12,red,0.261778,Callisto-17,4.9,1.4,1.25,orange,0.583743,Callisto-18,5.4,14.55,2.3,deep blue white,2.41032,Callisto-19,8.25,14.5,4.5,white,70,Callisto-20,7.25,13.05,3.8,white,70
49000000,Callisto-1,6.9,13.9,1.7,deep blue white,2.12504,Callisto-2,6.9,7.05,18.65,deep blue white,2.44148,Callisto-3,5.8,7.85,17.6,blue white,1.25713,Callisto-4,18.25,2.55,8.3,deep blue white,2.72453,Callisto-5,7.4,15.05,10.3,blue white,500,Callisto-6,2.75,3.9,2.7,blue white,1.26934,Callisto-7,5.25,18.4,14.6,deep blue white,1.58991,Callisto-8,15.75,1.75,6.7,blue white,1.37003,Callisto-9,17.45,0.35,5.95,yellow,1.00217,Callisto-10,3.45,1.65,3.7,blue white,1.25617,Callisto-11,5.5,13.8,1.95,deep blue white,1.79344,Callisto-12,2.55,4.85,3.75,orange,0.822465,Callisto-13,7.75,17.45,11.55,deep blue white,2.13605,Callisto-14,3,2.7,2.65,orange,0.686414,Callisto-15,6.6,19.1,14.35,deep blue white,1.69024,Callisto-16,5.55,17.05,12,red,0.261778,Callisto-17,4.9,1.4,1.25,orange,0.583743,Callisto-18,5.4,14.55,2.3,deep blue white,2.41032,Callisto-19,8.25,14.5,4.5,red,0.440465,Callisto-20,7.25,13.05,3.8,white,70
50000000,Callisto-1,6.9,13.9,1.7,deep blue white,2.12504,Callisto-2,6.9,7.05,18.65,deep blue white,2.44148,Callisto-3,5.8,7.85,17.6,blue white,1.25713,Callisto-4,18.25,2.55,8.3,deep blue white,2.72453,Callisto-5,7.4,15.05,10.3,blue white,500,Callisto-6,2.75,3.9,2.7,blue white,1.26934,Callisto-7,5.25,18.4,14.6,deep blue white,1.58991,Callisto-8,15.75,1.75,6.7,blue white,1.37003,Callisto-9,17.45,0.35,5.95,yellow,1.00217,Callisto-10,3.45,1.65,3.7,blue white,1.25617,Callisto-11,5.5,13.8,1.95,deep blue white,1.79344,Callisto-12,2.55,4.85,3.75,orange,0.822465,Callisto-13,7.75,17.45,11.55,deep blue white,2.13605,Callisto-14,3,2.7,2.65,orange,0.686414,Callisto-15,6.6,19.1,14.35,deep blue white,1.69024,Callisto-16,5.55,17.05,12,red,0.261778,Callisto-17,4.9,1.4,1.25,orange,0.583743,Callisto-18,5.4,14.55,2.3,deep blue white,2.41032,Callisto-19,8.25,14.5,4.5,red,0.440465,Callisto-20,7.25,13.05,3.8,white,70
51000000,Callisto-1,6.9,13.9,1.7,deep blue white,2.12504,Callisto-2,6.9,7.05,18.65,deep blue white,2.44148,Callisto-3,5.8,7.85,17.6,blue white,1.25713,Callisto-4,18.25,2.55,8.3,deep blue white,2.72453,Callisto-5,7.4,15.05,10.3,blue white,500,Callisto-6,2.75,3.9,2.7,blue white,1.26934,Callisto-7,5.25,18.4,14.6,deep blue white,1.58991,Callisto-8,15.75,1.75,6.7,blue white,1.37003,Callisto-9,17.45,0.35,5.95,yellow,1.00217,Callisto-10,3.45,1.65,3.7,blue white,1.25617,Callisto-11,5.5,13.8,1.95,deep blue white,1.79344,Callisto-12,2.55,4.85,3.75,orange,0.822465,Callisto-13,7.75,17.45,11.55,deep blue white,2.13605,Callisto-14,3,2.7,2.65,orange,0.686414,Callisto-15,6.6,19.1,14.35,deep blue white,1.69024,Callisto-16,5.55,17.05,12,red,0.261778,Callisto-17,4.9,1.4,1.25,orange,0.583743,Callisto-18,5.4,14.55,2.3,deep blue white,2.41032,Callisto-19,8.25,14.5,4.5,red,0.440465,Callisto-20,7.25,13.05,3.8,white,70
52000000,Callisto-1,6.9,13.9,1.7,deep blue white,2.12504,Callisto-2,6.9,7.05,18.65,deep blue white,2.44148,Callisto-3,5.8,7.85,17.6,blue white,1.25713,Callisto-4,18.25,2.55,8.3,deep blue white,2.72453,Callisto-5,7.4,15.05,10.3,blue white,500,Callisto-6,2.75,3.9,2.7,blue white,1.26934,Callisto-7,5.25,18.4,14.6,deep blue white,1.58991,Callisto-8,15.75,1.75,6.7,blue white,1.37003,Callisto-9,17.45,0.35,5.95,yellow,1.00217,Callisto-10,3.45,1.65,3.7,blue white,1.25617,Callisto-11,5.5,13.8,1.95,deep blue white,1.79344,Callisto-12,2.55,4.85,3.75,orange,0.822465,Callisto-13,7.75,17.45,11.55,deep blue white,2.13605,Callisto-14,3,2.7,2.65,orange,0.686414,Callisto-15,6.6,19.1,14.35,deep blue white,1.69024,Callisto-16,5.55,17.05,12,red,0.261778,Callisto-17,4.9,1.4,1.25,orange,0.583743,Callisto-18,5.4,14.55,2.3,deep blue white,2.41032,Callisto-19,8.25,14.5,4.5,red,0.440465,Callisto-20,7.25,13.05,3.8,white,70
53000000,Callisto-1,6.9,13.9,1.7,deep blue white,2.12504,Callisto-2,6.9,7.05,18.65,deep blue white,2.44148,Callisto-3,5.8,7.85,17.6,blue white,1.25713,Callisto-4,18.25,2.55,8.3,deep blue white,2.72453,Callisto-5,7.4,15.05,10.3,blue white,500,Callisto-6,2.75,3.9,2.7,blue white,1.26934,Callisto-7,5.25,18.4,14.6,deep blue white,1.58991,Callisto-8,15.75,1.75,6.7,blue white,1.37003,Callisto-9,17.45,0.35,5.95,yellow,1.00217,Callisto-10,3.45,1.65,3.7,blue white,1.25617,Callisto-11,5.5,13.8,1.95,deep blue white,1.79344,Callisto-12,2.55,4.85,3.75,orange,0.822465,Callisto-13,7.75,17.45,11.55,deep blue white,2.13605,Callisto-14,3,2.7,2.65,orange,0.686414,Callisto-15,6.6,19.1,14.35,deep blue white,1.69024,Callisto-16,5.55,17.05,12,red,0.261778,Callisto-17,4.9,1.4,1.25,orange,0.583743,Callisto-18,5.4,14.55,2.3,deep blue white,2.41032,Callisto-19,8.25,14.5,4.5,red,0.440465,Callisto-20,7.25,13.05,3.8,white,70
54000000,Callisto-1,6.9,13.9,1.7,deep blue white,2.12504,Callisto-2,6.9,7.05,18.65,deep blue white,2.44148,Callisto-3,5.8,7.85,17.6,blue white,1.25713,Callisto-4,18.25,2.55,8.3,deep blue white,2.72453,Callisto-5,7.4,15.05,10.3,blue white,500,Callisto-6,2.75,3.9,2.7,blue white,1.26934,Callisto-7,5.25,18.4,14.6,deep blue white,1.58991,Callisto-8,15.75,1.75,6.7,blue white,1.37003,Callisto-9,17.45,0.35,5.95,yellow,1.00217,Callisto-10,3.45,1.65,3.7,blue white,1.25617,Callisto-11,5.5,13.8,1.95,deep blue white,1.79344,Callisto-12,2.55,4.85,3.75,orange,0.822465,Callisto-13,7.75,17.45,11.55,deep blue white,2.13605,Callisto-14,3,2.7,2.65,orange,0.686414,Callisto-15,6.6,19.1,14.35,deep blue white,1.69024,Callisto-16,5.55,17.05,12,red,0.261778,Callisto-17,4.9,1.4,1.25,orange,0.583743,Callisto-18,5.4,14.55,2.3,deep blue white,2.41032,Callisto-19,8.25,14.5,4.5,red,0.440465,Callisto-20,7.25,13.05,3.8,white,70
55000000,Callisto-1,6.9,13.9,1.7,deep blue white,2.12504,Callisto-2,6.9,7.05,18.65,deep blue white,2.44148,Callisto-3,5.8,7.85,17.6,blue white,1.25713,Callisto-4,18.25,2.55,8.3,deep blue white,2.72453,Callisto-5,7.4,15.05,10.3,blue white,500,Callisto-6,2.75,3.9,2.7,blue white,1.26934,Callisto-7,5.25,18.4,14.6,deep blue white,1.58991,Callisto-8,15.75,1.75,6.7,blue white,1.37003,Callisto-9,17.45,0.35,5.95,yellow,1.00217,Callisto-10,3.45,1.65,3.7,blue white,1.25617,Callisto-11,5.5,13.8,1.95,deep blue white,1.79344,Callisto-12,2.55,4.85,3.75,orange,0.822465,Callisto-13,7.75,17.45,11.55,deep blue white,2.13605,Callisto-14,3,2.7,2.65,orange,0.686414,Callisto-15,6.6,19.1,14.35,deep blue white,1.69024,Callisto-16,5.55,17.05,12,red,0.261778,Callisto-17,4.9,1.4,1.25,orange,0.583743,Callisto-18,5.4,14.55,2.3,deep blue white,2.41032,Callisto-19,8.25,14.5,4.5,red,0.440465,Callisto-20,7.25,13.05,3.8,red,0.374757
56000000,Callisto-1,6.9,13.9,1.7,deep blue white,2.12504,Callisto-2,6.9,7.05,18.65,deep blue white,2.44148,Callisto-3,5.8,7.85,17.6,blue white,1.25713,Callisto-4,18.25,2.55,8.3,deep blue white,2.72453,Callisto-5,7.4,15.05,10.3,blue white,500,Callisto-6,2.75,3.9,2.7,blue white,1.26934,Callisto-7,5.25,18.4,14.6,deep blue white,1.58991,Callisto-8,15.75,1.75,6.7,blue white,1.37003,Callisto-9,17.45,0.35,5.95,yellow,1.00217,Callisto-10,3.45,1.65,3.7,blue white,1.25617,Callisto-11,5.5,13.8,1.95,deep blue white,1.79344,Callisto-12,2.55,4.85,3.75,orange,0.822465,Callisto-13,7.75,17.45,11.55,deep blue white,2.13605,Callisto-14,3,2.7,2.65,orange,0.686414,Callisto-15,6.6,19.1,14.35,deep blue white,1.69024,Callisto-16,5.55,17.05,12,red,0.261778,Callisto-17,4.9,1.4,1.25,orange,0.583743,Callisto-18,5.4,14.55,2.3,deep blue white,2.41032,Callisto-19,8.25,14.5,4.5,red,0.440465,Callisto-20,7.25,13.05,3.8,red,0.374757
57000000,Callisto-1,6.9,13.9,1.7,deep blue white,2.12504,Callisto-2,6.9,7.05,18.65,deep blue white,2.44148,Callisto-3,5.8,7.85,17.6,blue white,1.25713,Callisto-4,18.25,2.55,8.3,deep blue white,2.72453,Callisto-5,7.4,15.05,10.3,blue white,500,Callisto-6,2.75,3.9,2.7,blue white,1.26934,Callisto-7,5.25,18.4,14.6,deep blue white,1.58991,Callisto-8,15.75,1.75,6.7,blue white,1.37003,Callisto-9,17.45,0.35,5.95,yellow,1.00217,Callisto-10,3.45,1.65,3.7,blue white,1.25617,Callisto-11,5.5,13.8,1.95,deep blue white,1.79344,Callisto-12,2.55,4.85,3.75,orange,0.822465,Callisto-13,7.75,17.45,11.55,deep blue white,2.13605,Callisto-14,3,2.7,2.65,orange,0.686414,Callisto-15,6.6,19.1,14.35,deep blue white,1.69024,Callisto-16,5.55,17.05,12,red,0.261778,Callisto-17,4.9,1.4,1.25,orange,0.583743,Callisto-18,5.4,14.55,2.3,deep blue white,2.41032,Callisto-19,8.25,14.5,4.5,red,0.440465,Callisto-20,7.25,13.05,3.8,red,0.374757
58000000,Callisto-1,6.9,13.9,1.7,deep blue white,2.12504,Callisto-2,6.9,7.05,18.65,deep blue white,2.44148,Callisto-3,5.8,7.85,17.6,blue white,1.25713,Callisto-4,18.25,2.55,8.3,deep blue white,2.72453,Callisto-5,7.4,15.05,10.3,blue white,500,Callisto-6,2.75,3.9,2.7,blue white,1.26934,Callisto-7,5.25,18.4,14.6,deep blue white,1.58991,Callisto-8,15.75,1.75,6.7,blue white,1.37003,Callisto-9,17.45,0.35,5.95,yellow,1.00217,Callisto-10,3.45,1.65,3.7,blue white,1.25617,Callisto-11,5.5,13.8,1.95,deep blue white,1.79344,Callisto-12,2.55,4.85,3.75,orange,0.822465,Callisto-13,7.75,17.45,11.55,deep blue white,2.13605,Callisto-14,3,2.7,2.65,orange,0.686414,Callisto-15,6.6,19.1,14.35,deep blue white,1.69024,Callisto-16,5.55,17.05,12,red,0.261778,Callisto-17,4.9,1.4,1.25,orange,0.583743,Callisto-18,5.4,14.55,2.3,deep blue white,2.41032,Callisto-19,8.25,14.5,4.5,red,0.440465,Callisto-20,7.25,13.05,3.8,red,0.374757
59000000,Callisto-1,6.9,13.9,1.7,deep blue white,2.12504,Callisto-2,6.9,7.05,18.65,deep blue white,2.44148,Callisto-3,5.8,7.85,17.6,blue white,1.25713,Callisto-4,18.25,2.55,8.3,deep blue white,2.72453,Callisto-5,7.4,15.05,10.3,blue white,500,Callisto-6,2.75,3.9,2.7,blue white,1.26934,Callisto-7,5.25,18.4,14.6,deep blue white,1.58991,Callisto-8,15.75,1.75,6.7,blue white,1.37003,Callisto-9,17.45,0.35,5.95,yellow,1.00217,Callisto-10,3.45,1.65,3.7,blue white,1.25617,Callisto-11,5.5,13.8,1.95,deep blue white,1.79344,Callisto-12,2.55,4.85,3.75,orange,0.822465,Callisto-13,7.75,17.45,11.55,deep blue white,2.13605,Callisto-14,3,2.7,2.65,orange,0.686414,Callisto-15,6.6,19.1,14.35,deep blue white,1.69024,Callisto-16,5.55,17.05,12,red,0.261778,Callisto-17,4.9,1.4,1.25,orange,0.583743,Callisto-18,5.4,14.55,2.3,deep blue white,2.41032,Callisto-19,8.25,14.5,4.5,red,0.440465,Callisto-20,7.25,13.05,3.8,red,0.374757
60000000,Callisto-1,6.9,13.9,1.7,deep blue white,2.12504,Callisto-2,6.9,7.05,18.65,deep blue white,2.44148,Callisto-3,5.8,7.85,17.6,blue white,1.25713,Callisto-4,18.25,2.55,8.3,deep blue white,2.72453,Callisto-5,7.4,15.05,10.3,blue white,500,Callisto-6,2.75,3.9,2.7,blue white,1.26934,Callisto-7,5.25,18.4,14.6,deep blue white,1.58991,Callisto-8,15.75,1.75,6.7,blue white,1.37003,Callisto-9,17.45,0.35,5.95,yellow,1.00217,Callisto-10,3.45,1.65,3.7,blue white,1.25617,Callisto-11,5.5,13.8,1.95,deep blue white,1.79344,Callisto-12,2.55,4.85,3.75,orange,0.822465,Callisto-13,7.75,17.45,11.55,deep blue white,2.13605,Callisto-14,3,2.7,2.65,orange,0.686414,Callisto-15,6.6,19.1,14.35,deep blue white,1.69024,Callisto-16,5.55,17.05,12,red,0.261778,Callisto-17,4.9,1.4,1.25,orange,0.583743,Callisto-18,5.4,14.55,2.3,deep blue white,2.41032,Callisto-19,8.25,14.5,4.5,red,0.440465,Callisto-20,7.25,13.05,3.8,red,0.374757
61000000,Callisto-1,6.9,13.9,1.7,deep blue white,2.12504,Callisto-2,6.9,7.05,18.65,deep blue white,2.44148,Callisto-3,5.8,7.85,17.6,blue white,1.25713,Callisto-4,18.25,2.55,8.3,deep blue white,2.72453,Callisto-5,7.4,15.05,10.3,blue white,500,Callisto-6,2.75,3.9,2.7,blue white,1.26934,Callisto-7,5.25,18.4,14.6,deep blue white,1.58991,Callisto-8,15.75,1.75,6.7,blue white,1.37003,Callisto-9,17.45,0.35,5.95,yellow,1.00217,Callisto-10,3.45,1.65,3.7,blue white,1.25617,Callisto-11,5.5,13.8,1.95,deep blue white,1.79344,Callisto-12,2.55,4.85,3.75,orange,0.822465,Callisto-13,7.75,17.45,11.55,deep blue white,2.13605,Callisto-14,3,2.7,2.65,orange,0.686414,Callisto-15,6.6,19.1,14.35,deep blue white,1.69024,Callisto-16,5.55,17.05,12,red,0.261778,Callisto-17,4.9,1.4,1.25,orange,0.583743,Callisto-18,5.4,14.55,2.3,deep blue white,2.41032,Callisto-19,8.25,14.5,4.5,red,0.440465,Callisto-20,7.25,13.05,3.8,red,0.374757
62000000,Callisto-1,6.9,13.9,1.7,deep blue white,2.12504,Callisto-2,6.9,7.05,18.65,deep blue white,2.44148,Callisto-3,5.8,7.85,17.6,blue white,1.25713,Callisto-4,18.25,2.55,8.3,deep blue white,2.72453,Callisto-5,7.4,15.05,10.3,blue white,500,Callisto-6,2.75,3.9,2.7,blue white,1.26934,Callisto-7,5.25,18.4,14.6,deep blue white,1.58991,Callisto-8,15.75,1.75,6.7,blue white,1.37003,Callisto-9,17.45,0.35,5.95,yellow,1.00217,Callisto-10,3.45,1.65,3.7,blue white,1.25617,Callisto-11,5.5,13.8,1.95,deep blue white,1.79344,Callisto-12,2.55,4.85,3.75,orange,0.822465,Callisto-13,7.75,17.45,11.55,deep blue white,2.13605,Callisto-14,3,2.7,2.65,orange,0.686414,Callisto-15,6.6,19.1,14.35,deep blue white,1.69024,Callisto-16,5.55,17.05,12,red,0.261778,Callisto-17,4.9,1.4,1.25,orange,0.583743,Callisto-18,5.4,14.55,2.3,deep blue white,2.41032,Callisto-19,8.25,14.5,4.5,red,0.440465,Callisto-20,7.25,13.05,3.8,red,0.374757
63000000,Callisto-1,6.9,13.9,1.7,deep blue white,2.12504,Callisto-2,6.9,7.05,18.65,deep blue white,2.44148,Callisto-3,5.8,7.85,17.6,blue white,1.25713,Callisto-4,18.25,2.55,8.3,deep blue white,2.72453,Callisto-5,7.4,15.05,10.3,blue white,500,Callisto-6,2.75,3.9,2.7,blue white,1.26934,Callisto-7,5.25,18.4,14.6,deep blue white,1.58991,Callisto-8,15.75,1.75,6.7,blue white,1.37003,Callisto-9,17.45,0.35,5.95,yellow,1.00217,Callisto-10,3.45,1.65,3.7,blue white,1.25617,Callisto-11,5.5,13.8,1.95,deep blue white,1.79344,Callisto-12,2.55,4.85,3.75,orange,0.822465,Callisto-13,7.75,17.45,11.55,deep blue white,2.13605,Callisto-14,3,2.7,2.65,orange,0.686414,Callisto-15,6.6,19.1,14.35,deep blue white,1.69024,Callisto-16,5.55,17.05,12,red,0.261778,Callisto-17,4.9,1.4,1.25,orange,0.583743,Callisto-18,5.4,14.55,2.3,deep blue white,2.41032,Callisto-19,8.25,14.5,4.5,red,0.440465,Callisto-20,7.25,13.05,3.8,red,0.374757
64000000,Callisto-1,6.9,13.9,1.7,deep blue white,2.12504,Callisto-2,6.9,7.05,18.65,deep blue white,2.44148,Callisto-3,5.8,7.85,17.6,blue white,1.25713,Callisto-4,18.25,2.55,8.3,deep blue white,2.72453,Callisto-5,7.4,15.05,10.3,blue white,500,Callisto-6,2.75,3.9,2.7,blue white,1.26934,Callisto-7,5.25,18.4,14.6,deep blue white,1.58991,Callisto-8,15.75,1.75,6.7,blue white,1.37003,Callisto-9,17.45,0.35,5.95,yellow,1.00217,Callisto-10,3.45,1.65,3.7,blue white,1.25617,Callisto-11,5.5,13.8,1.95,deep blue white,1.79344,Callisto-12,2.55,4.85,3.75,orange,0.822465,Callisto-13,7.75,17.45,11.55,deep blue white,2.13605,Callisto-14,3,2.7,2.65,orange,0.686414,Callisto-15,6.6,19.1,14.35,deep blue white,1.69024,Callisto-16,5.55,17.05,12,red,0.261778,Callisto-17,4.9,1.4,1.25,orange,0.583743,Callisto-18,5.4,14.55,2.3,deep blue white,2.41032,Callisto-19,8.25,14.5,4.5,red,0.440465,Callisto-20,7.25,13.05,3.8,red,0.374757
65000000,Callisto-1,6.9,13.9,1.7,deep blue white,2.12504,Callisto-2,6.9,7.05,18.65,deep blue white,2.44148,Callisto-3,5.8,7.85,17.6,blue white,1.25713,Callisto-4,18.25,2.55,8.3,deep blue white,2.72453,Callisto-5,7.4,15.05,10.3,blue white,500,Callisto-6,2.75,3.9,2.7,blue white,1.26934,Callisto-7,5.25,18.4,14.6,deep blue white,1.58991,Callisto-8,15.75,1.75,6.7,blue white,1.37003,Callisto-9,17.45,0.35,5.95,yellow,1.00217,Callisto-10,3.45,1.65,3.7,blue white,1.25617,Callisto-11,5.5,13.8,1.95,deep blue white,1.79344,Callisto-12,2.55,4.85,3.75,orange,0.822465,Callisto-13,7.75,17.45,11.55,deep blue white,2.13605,Callisto-14,3,2.7,2.65,orange,0.686414,Callisto-15,6.6,19.1,14.35,deep blue white,1.69024,Callisto-16,5.55,17.05,12,red,0.261778,Callisto-17,4.9,1.4,1.25,orange,0.583743,Callisto-18,5.4,14.55,2.3,deep blue white,2.41032,Callisto-19,8.25,14.5,4.5,red,0.440465,Callisto-20,7.25,13.05,3.8,red,0.374757
66000000,Callisto-1,6.9,13.9,1.7,deep blue white,2.12504,Callisto-2,6.9,7.05,18.65,deep blue white,2.44148,Callisto-3,5.8,7.85,17.6,blue white,1.25713,Callisto-4,18.25,2.55,8.3,deep blue white,2.72453,Callisto-5,7.4,15.05,10.3,blue white,500,Callisto-6,2.75,3.9,2.7,blue white,1.26934,Callisto-7,5.25,18.4,14.6,deep blue white,1.58991,Callisto-8,15.75,1.75,6.7,blue white,1.37003,Callisto-9,17.45,0.35,5.95,yellow,1.00217,Callisto-10,3.45,1.65,3.7,blue white,1.25617,Callisto-11,5.5,13.8,1.95,deep blue white,1.79344,Callisto-12,2.55,4.85,3.75,orange,0.822465,Callisto-13,7.75,17.45,11.55,deep blue white,2.13605,Callisto-14,3,2.7,2.65,orange,0.686414,Callisto-15,6.6,19.1,14.35,deep blue white,1.69024,Callisto-16,5.55,17.05,12,red,0.261778,Callisto-17,4.9,1.4,1.25,orange,0.583743,Callisto-18,5.4,14.55,2.3,deep blue white,2.41032,Callisto-19,8.25,14.5,4.5,red,0.440465,Callisto-20,7.25,13.05,3.8,red,0.374757
67000000,Callisto-1,6.9,13.9,1.7,deep blue white,2.12504,Callisto-2,6.9,7.05,18.65,deep blue white,2.44148,Callisto-3,5.8,7.85,17.6,blue white,1.25713,Callisto-4,18.25,2.55,8.3,deep blue white,2.72453,Callisto-5,7.4,15.05,10.3,blue white,500,Callisto-6,2.75,3.9,2.7,blue white,1.26934,Callisto-7,5.25,18.4,14.6,deep blue white,1.58991,Callisto-8,15.75,1.75,6.7,blue white,1.37003,Callisto-9,17.45,0.35,5.95,yellow,1.00217,Callisto-10,3.45,1.65,3.7,blue white,1.25617,Callisto-11,5.5,13.8,1.95,deep blue white,1.79344,Callisto-12,2.55,4.85,3.75,orange,0.822465,Callisto-13,7.75,17.45,11.55,deep blue white,2.13605,Callisto-14,3,2.7,2.65,orange,0.686414,Callisto-15,6.6,19.1,14.35,deep blue white,1.69024,Callisto-16,5.55,17.05,12,red,0.261778,Callisto-17,4.9,1.4,1.25,orange,0.583743,Callisto-18,5.4,14.55,2.3,deep blue white,2.41032,Callisto-19,8.25,14.5,4.5,red,0.440465,Callisto-20,7.25,13.05,3.8,red,0.374757
68000000,Callisto-1,6.9,13.9,1.7,deep blue white,2.12504,Callisto-2,6.9,7.05,18.65,deep blue white,2.44148,Callisto-3,5.8,7.85,17.6,blue white,1.25713,Callisto-4,18.25,2.55,8.3,deep blue white,2.72453,Callisto-5,7.4,15.05,10.3,blue white,500,Callisto-6,2.75,3.9,2.7,blue white,1.26934,Callisto-7,5.25,18.4,14.6,deep blue white,1.58991,Callisto-8,15.75,1.75,6.7,blue white,1.37003,Callisto-9,17.45,0.35,5.95,yellow,1.00217,Callisto-10,3.45,1.65,3.7,blue white,1.25617,Callisto-11,5.5,13.8,1.95,deep blue white,1.79344,Callisto-12,2.55,4.85,3.75,orange,0.822465,Callisto-13,7.75,17.45,11.55,deep blue white,2.13605,Callisto-14,3,2.7,2.65,orange,0.686414,Callisto-15,6.6,19.1,14.35,deep blue white,1.69024,Callisto-16,5.55,17.05,12,red,0.261778,Callisto-17,4.9,1.4,1.25,orange,0.583743,Callisto-18,5.4,14.55,2.3,deep blue white,2.41032,Callisto-19,8.25,14.5,4.5,red,0.440465,Callisto-20,7.25,13.05,3.8,red,0.374757
69000000,Callisto-1,6.9,13.9,1.7,deep blue white,2.12504,Callisto-2,6.9,7.05,18.65,deep blue white,2.44148,Callisto-3,5.8,7.85,17.6,blue white,1.25713,Callisto-4,18.25,2.55,8.3,deep blue white,2.72453,Callisto-5,7.4,15.05,10.3,blue white,500,Callisto-6,2.75,3.9,2.7,blue white,1.26934,Callisto-7,5.25,18.4,14.6,deep blue white,1.58991,Callisto-8,15.75,1.75,6.7,blue white,1.37003,Callisto-9,17.45,0.35,5.95,yellow,1.00217,Callisto-10,3.45,1.65,3.7,blue white,1.25617,Callisto-11,5.5,13.8,1.95,deep blue white,1.79344,Callisto-12,2.55,4.85,3.75,orange,0.822465,Callisto-13,7.75,17.45,11.55,deep blue white,2.13605,Callisto-14,3,2.7,2.65,orange,0.686414,Callisto-15,6.6,19.1,14.35,deep blue white,1.69024,Callisto-16,5.55,17.05,12,red,0.261778,Callisto-17,4.9,1.4,1.25,orange,0.583743,Callisto-18,5.4,14.55,2.3,deep blue white,2.41032,Callisto-19,8.25,14.5,4.5,red,0.440465,Callisto-20,7.25,13.05,3.8,red,0.374757
70000000,Callisto-1,6.9,13.9,1.7,deep blue white,2.12504,Callisto-2,6.9,7.05,18.65,deep blue white,2.44148,Callisto-3,5.8,7.85,17.6,blue white,1.25713,Callisto-4,18.25,2.55,8.3,deep blue white,2.72453,Callisto-5,7.4,15.05,10.3,blue white,500,Callisto-6,2.75,3.9,2.7,blue white,1.26934,Callisto-7,5.25,18.4,14.6,deep blue white,1.58991,Callisto-8,15.75,1.75,6.7,blue white,1.37003,Callisto-9,17.45,0.35,5.95,yellow,1.00217,Callisto-10,3.45,1.65,3.7,blue white,1.25617,Callisto-11,5.5,13.8,1.95,deep blue white,1.79344,Callisto-12,2.55,4.85,3.75,orange,0.822465,Callisto-13,7.75,17.45,11.55,deep blue white,2.13605,Callisto-14,3,2.7,2.65,orange,0.686414,Callisto-15,6.6,19.1,14.35,deep blue white,1.69024,Callisto-16,5.55,17.05,12,red,0.261778,Callisto-17,4.9,1.4,1.25,orange,0.583743,Callisto-18,5.4,14.55,2.3,deep blue white,2.41032,Callisto-19,8.25,14.5,4.5,red,0.440465,Callisto-20,7.25,13.05,3.8,red,0.374757
71000000,Callisto-1,6.9,13.9,1.7,deep blue white,2.12504,Callisto-2,6.9,7.05,18.65,deep blue white,2.44148,Callisto-3,5.8,7.85,17.6,blue white,1.25713,Callisto-4,18.25,2.55,8.3,deep blue white,2.72453,Callisto-5,7.4,15.05,10.3,blue white,500,Callisto-6,2.75,3.9,2.7,blue white,1.26934,Callisto-7,5.25,18.4,14.6,deep blue white,1.58991,Callisto-8,15.75,1.75,6.7,blue white,1.37003,Callisto-9,17.45,0.35,5.95,yellow,1.00217,Callisto-10,3.45,1.65,3.7,blue white,1.25617,Callisto-11,5.5,13.8,1.95,deep blue white,1.79344,Callisto-12,2.55,4.85,3.75,orange,0.822465,Callisto-13,7.75,17.45,11.55,deep blue white,2.13605,Callisto-14,3,2.7,2.65,orange,0.686414,Callisto-15,6.6,19.1,14.35,deep blue white,1.69024,Callisto-16,5.55,17.05,12,red,0.261778,Callisto-17,4.9,1.4,1.25,orange,0.583743,Callisto-18,5.4,14.55,2.3,deep blue white,2.41032,Callisto-19,8.25,14.5,4.5,red,0.440465,Callisto-20,7.25,13.05,3.8,red,0.374757
72000000,Callisto-1,6.9,13.9,1.7,deep blue white,2.12504,Callisto-2,6.9,7.05,18.65,deep blue white,2.44148,Callisto-3,5.8,7.85,17.6,blue white,1.25713,Callisto-4,18.25,2.55,8.3,deep blue white,2.72453,Callisto-5,7.4,15.05,10.3,blue white,500,Callisto-6,2.75,3.9,2.7,blue white,1.26934,Callisto-7,5.25,18.4,14.6,deep blue white,1.58991,Callisto-8,15.75,1.75,6.7,blue white,1.37003,Callisto-9,17.45,0.35,5.95,yellow,1.00217,Callisto-10,3.45,1.65,3.7,blue white,1.25617,Callisto-11,5.5,13.8,1.95,deep blue white,1.79344,Callisto-12,2.55,4.85,3.75,orange,0.822465,Callisto-13,7.75,17.45,11.55,deep blue white,2.13605,Callisto-14,3,2.7,2.65,orange,0.686414,Callisto-15,6.6,19.1,14.35,deep blue white,1.69024,Callisto-16,5.55,17.05,12,red,0.261778,Callisto-17,4.9,1.4,1.25,orange,0.583743,Callisto-18,5.4,14.55,2.3,deep blue white,2.41032,Callisto-19,8.25,14.5,4.5,red,0.440465,Callisto-20,7.25,13.05,3.8,red,0.374757
73000000,Callisto-1,6.9,13.9,1.7,deep blue white,2.12504,Callisto-2,6.9,7.05,18.65,deep blue white,2.44148,Callisto-3,5.8,7.85,17.6,blue white,1.25713,Callisto-4,18.25,2.55,8.3,deep blue white,2.72453,Callisto-5,7.4,15.05,10.3,blue,1.4e-05,Callisto-6,2.75,3.9,2.7,blue white,1.26934,Callisto-7,5.25,18.4,14.6,deep blue white,1.58991,Callisto-8,15.75,1.75,6.7,blue white,1.37003,Callisto-9,17.45,0.35,5.95,yellow,1.00217,Callisto-10,3.45,1.65,3.7,blue white,1.25617,Callisto-11,5.5,13.8,1.95,deep blue white,1.79344,Callisto-12,2.55,4.85,3.75,orange,0.822465,Callisto-13,7.75,17.45,11.55,deep blue white,2.13605,Callisto-14,3,2.7,2.65,orange,0.686414,Callisto-15,6.6,19.1,14.35,deep blue white,1.69024,Callisto-16,5.55,17.05,12,red,0.261778,Callisto-17,4.9,1.4,1.25,orange,0.583743,Callisto-18,5.4,14.55,2.3,deep blue white,2.41032,Callisto-19,8.25,14.5,4.5,red,0.440465,Callisto-20,7.25,13.05,3.8,red,0.374757
74000000,Callisto-1,6.9,13.9,1.7,deep blue white,2.12504,Callisto-2,6.9,7.05,18.65,deep blue white,2.44148,Callisto-3,5.8,7.85,17.6,blue white,1.25713,Callisto-4,18.25,2.55,8.3,deep blue white,2.72453,Callisto-5,7.4,15.05,10.3,blue,1.4e-05,Callisto-6,2.75,3.9,2.7,blue white,1.26934,Callisto-7,5.25,18.4,14.6,deep blue white,1.58991,Callisto-8,15.75,1.75,6.7,blue white,1.37003,Callisto-9,17.45,0.35,5.95,yellow,1.00217,Callisto-10,3.45,1.65,3.7,blue white,1.25617,Callisto-11,5.5,13.8,1.95,deep blue white,1.79344,Callisto-12,2.55,4.85,3.75,orange,0.822465,Callisto-13,7.75,17.45,11.55,deep blue white,2.13605,Callisto-14,3,2.7,2.65,orange,0.686414,Callisto-15,6.6,19.1,14.35,deep blue white,1.69024,Callisto-16,5.55,17.05,12,red,0.261778,Callisto-17,4.9,1.4,1.25,orange,0.583743,Callisto-18,5.4,14.55,2.3,deep blue white,2.41032,Callisto-19,8.25,14.5,4.5,red,0.440465,Callisto-20,7.25,13.05,3.8,red,0.374757
75000000,Callisto-1,6.9,13.9,1.7,deep blue white,2.12504,Callisto-2,6.9,7.05,18.65,deep blue white,2.44148,Callisto-3,5.8,7.85,17.6,blue white,1.25713,Callisto-4,18.25,2.55,8.3,deep blue white,2.72453,Callisto-5,7.4,15.05,10.3,blue,1.4e-05,Callisto-6,2.75,3.9,2.7,blue white,1.26934,Callisto-7,5.25,18.4,14.6,deep blue white,1.58991,Callisto-8,15.75,1.75,6.7,blue white,1.37003,Callisto-9,17.45,0.35,5.95,yellow,1.00217,Callisto-10,3.45,1.65,3.7,blue white,1.25617,Callisto-11,5.5,13.8,1.95,deep blue white,1.79344,Callisto-12,2.55,4.85,3.75,orange,0.822465,Callisto-13,7.75,17.45,11.55,deep blue white,2.13605,Callisto-14,3,2.7,2.65,orange,0.686414,Callisto-15,6.6,19.1,14.35,deep blue white,1.69024,Callisto-16,5.55,17.05,12,red,0.261778,Callisto-17,4.9,1.4,1.25,orange,0.583743,Callisto-18,5.4,14.55,2.3,deep blue white,2.41032,Callisto-19,8.25,14.5,4.5,red,0.440465,Callisto-20,7.25,13.05,3.8,red,0.374757
76000000,Callisto-1,6.9,13.9,1.7,deep blue white,2.12504,Callisto-2,6.9,7.05,18.65,deep blue white,2.44148,Callisto-3,5.8,7.85,17.6,blue white,1.25713,Callisto-4,18.25,2.55,8.3,deep blue white,2.72453,Callisto-5,7.4,15.05,10.3,blue,1.4e-05,Callisto-6,2.75,3.9,2.7,blue white,1.26934,Callisto-7,5.25,18.4,14.6,deep blue white,1.58991,Callisto-8,15.75,1.75,6.7,blue white,1.37003,Callisto-9,17.45,0.35,5.95,yellow,1.00217,Callisto-10,3.45,1.65,3.7,blue white,1.25617,Callisto-11,5.5,13.8,1.95,deep blue white,1.79344,Callisto-12,2.55,4.85,3.75,orange,0.822465,Callisto-13,7.75,17.45,11.55,deep blue white,2.13605,Callisto-14,3,2.7,2.65,orange,0.686414,Callisto-15,6.6,19.1,14.35,deep blue white,1.69024,Callisto-16,5.55,17.05,12,red,0.261778,Callisto-17,4.9,1.4,1.25,orange,0.583743,Callisto-18,5.4,14.55,2.3,deep blue white,2.41032,Callisto-19,8.25,14.5,4.5,red,0.440465,Callisto-20,7.25,13.05,3.8,red,0.374757
77000000,Callisto-1,6.9,13.9,1.7,deep blue white,2.12504,Callisto-2,6.9,7.05,18.65,deep blue white,2.44148,Callisto-3,5.8,7.85,17.6,blue white,1.25713,Callisto-4,18.25,2.55,8.3,deep blue white,2.72453,Callisto-5,7.4,15.05,10.3,blue,1.4e-05,Callisto-6,2.75,3.9,2.7,blue white,1.26934,Callisto-7,5.25,18.4,14.6,deep blue white,1.58991,Callisto-8,15.75,1.75,6.7,blue white,1.37003,Callisto-9,17.45,0.35,5.95,yellow,1.00217,Callisto-10,3.45,1.65,3.7,blue white,1.25617,Callisto-11,5.5,13.8,1.95,deep blue white,1.79344,Callisto-12,2.55,4.85,3.75,orange,0.822465,Callisto-13,7.75,17.45,11.55,deep blue white,2.13605,Callisto-14,3,2.7,2.65,orange,0.686414,Callisto-15,6.6,19.1,14.35,deep blue white,1.69024,Callisto-16,5.55,17.05,12,red,0.261778,Callisto-17,4.9,1.4,1.25,orange,0.583743,Callisto-18,5.4,14.55,2.3,deep blue white,2.41032,Callisto-19,8.25,14.5,4.5,red,0.440465,Callisto-20,7.25,13.05,3.8,red,0.374757
78000000,Callisto-1,6.9,13.9,1.7,deep blue white,2.12504,Callisto-2,6.9,7.05,18.65,deep blue white,2.44148,Callisto-3,5.8,7.85,17.6,blue white,1.25713,Callisto-4,18.25,2.55,8.3,deep blue white,2.72453,Callisto-5,7.4,15.05,10.3,blue,1.4e-05,Callisto-6,2.75,3.9,2.7,blue white,1.26934,Callisto-7,5.25,18.4,14.6,deep blue white,1.58991,Callisto-8,15.75,1.75,6.7,blue white,1.37003,Callisto-9,17.45,0.35,5.95,yellow,1.00217,Callisto-10,3.45,1.65,3.7,blue white,1.25617,Callisto-11,5.5,13.8,1.95,deep blue white,1.79344,Callisto-12,2.55,4.85,3.75,orange,0.822465,Callisto-13,7.75,17.45,11.55,deep blue white,2.13605,Callisto-14,3,2.7,2.65,orange,0.686414,Callisto-15,6.6,19.1,14.35,deep blue white,1.69024,Callisto-16,5.55,17.05,12,red,0.261778,Callisto-17,4.9,1.4,1.25,orange,0.583743,Callisto-18,5.4,14.55,2.3,deep blue white,2.41032,Callisto-19,8.25,14.5,4.5,red,0.440465,Callisto-20,7.25,13.05,3.8,red,0.374757
79000000,Callisto-1,6.9,13.9,1.7,deep blue white,2.12504,Callisto-2,6.9,7.05,18.65,deep blue white,2.44148,Callisto-3,5.8,7.85,17.6,blue white,1.25713,Callisto-4,18.25,2.55,8.3,deep blue white,2.72453,Callisto-5,7.4,15.05,10.3,blue,1.4e-05,Callisto-6,2.75,3.9,2.7,blue white,1.26934,Callisto-7,5.25,18.4,14.6,deep blue white,1.58991,Callisto-8,15.75,1.75,6.7,blue white,1.37003,Callisto-9,17.45,0.35,5.95,yellow,1.00217,Callisto-10,3.45,1.65,3.7,blue white,1.25617,Callisto-11,5.5,13.8,1.95,deep blue white,1.79344,Callisto-12,2.55,4.85,3.75,orange,0.822465,Callisto-13,7.75,17.45,11.55,deep blue white,2.13605,Callisto-14,3,2.7,2.65,orange,0.686414,Callisto-15,6.6,19.1,14.35,deep blue white,1.69024,Callisto-16,5.55,17.05,12,red,0.261778,Callisto-17,4.9,1.4,1.25,orange,0.583743,Callisto-18,5.4,14.55,2.3,deep blue white,2.41032,Callisto-19,8.25,14.5,4.5,red,0.440465,Callisto-20,7.25,13.05,3.8,red,0.374757
80000000,Callisto-1,6.9,13.9,1.7,deep blue white,2.12504,Callisto-2,6.9,7.05,18.65,deep blue white,2.44148,Callisto-3,5.8,7.85,17.6,blue white,1.25713,Callisto-4,18.25,2.55,8.3,red,100,Callisto-5,7.4,15.05,10.3,blue,1.4e-05,Callisto-6,2.75,3.9,2.7,blue white,1.26934,Callisto-7,5.25,18.4,14.6,deep blue white,1.58991,Callisto-8,15.75,1.75,6.7,blue white,1.37003,Callisto-9,17.45,0.35,5.95,yellow,1.00217,Callisto-10,3.45,1.65,3.7,blue white,1.25617,Callisto-11,5.5,13.8,1.95,deep blue white,1.79344,Callisto-12,2.55,4.85,3.75,orange,0.822465,Callisto-13,7.75,17.45,11.55,deep blue white,2.13605,Callisto-14,3,2.7,2.65,orange,0.686414,Callisto-15,6.6,19.1,14.35,deep blue white,1.69024,Callisto-16,5.55,17.05,12,red,0.261778,Callisto-17,4.9,1.4,1.25,orange,0.583743,Callisto-18,5.4,14.55,2.3,deep blue white,2.41032,Callisto-19,8.25,14.5,4.5,red,0.440465,Callisto-20,7.25,13.05,3.8,red,0.374757
81000000,Callisto-1,6.9,13.9,1.7,deep blue white,2.12504,Callisto-2,6.9,7.05,18.65,deep blue white,2.44148,Callisto-3,5.8,7.85,17.6,blue white,1.25713,Callisto-4,18.25,2.55,8.3,red,100,Callisto-5,7.4,15.05,10.3,blue,1.4e-05,Callisto-6,2.75,3.9,2.7,blue white,1.26934,Callisto-7,5.25,18.4,14.6,deep blue white,1.58991,Callisto-8,15.75,1.75,6.7,blue white,1.37003,Callisto-9,17.45,0.35,5.95,yellow,1.00217,Callisto-10,3.45,1.65,3.7,blue white,1.25617,Callisto-11,5.5,13.8,1.95,deep blue white,1.79344,Callisto-12,2.55,4.85,3.75,orange,0.822465,Callisto-13,7.75,17.45,11.55,deep blue white,2.13605,Callisto-14,3,2.7,2.65,orange,0.686414,Callisto-15,6.6,19.1,14.35,deep blue white,1.69024,Callisto-16,5.55,17.05,12,red,0.261778,Callisto-17,4.9,1.4,1.25,orange,0.583743,Callisto-18,5.4,14.55,2.3,deep blue white,2.41032,Callisto-19,8.25,14.5,4.5,red,0.440465,Callisto-20,7.25,13.05,3.8,red,0.374757,Callisto-21,5.65,19.65,12.8,white,70
82000000,Callisto-1,6.9,13.9,1.7,deep blue white,2.12504,Callisto-2,6.9,7.05,18.65,deep blue white,2.44148,Callisto-3,5.8,7.85,17.6,blue white,1.25713,Callisto-4,18.25,2.55,8.3,red,100,Callisto-5,7.4,15.05,10.3,blue,1.4e-05,Callisto-6,2.75,3.9,2.7,blue white,1.26934,Callisto-7,5.25,18.4,14.6,deep blue white,1.58991,Callisto-8,15.75,1.75,6.7,blue white,1.37003,Callisto-9,17.45,0.35,5.95,yellow,1.00217,Callisto-10,3.45,1.65,3.7,blue white,1.25617,Callisto-11,5.5,13.8,1.95,deep blue white,1.79344,Callisto-12,2.55,4.85,3.75,orange,0.822465,Callisto-13,7.75,17.45,11.55,deep blue white,2.13605,Callisto-14,3,2.7,2.65,orange,0.686414,Callisto-15,6.6,19.1,14.35,deep blue white,1.69024,Callisto-16,5.55,17.05,12,red,0.261778,Callisto-17,4.9,1.4,1.25,orange,0.583743,Callisto-18,5.4,14.55,2.3,deep blue white,2.41032,Callisto-19,8.25,14.5,4.5,red,0.440465,Callisto-20,7.25,13.05,3.8,red,0.374757,Callisto-21,5.65,19.65,12.8,white,70
83000000,Callisto-1,6.9,13.9,1.7,deep blue white,2.12504,Callisto-2,6.9,7.05,18.65,deep blue white,2.44148,Callisto-3,5.8,7.85,17.6,blue white,1.25713,Callisto-4,18.25,2.55,8.3,red,100,Callisto-5,7.4,15.05,10.3,blue,1.4e-05,Callisto-6,2.75,3.9,2.7,blue white,1.26934,Callisto-7,5.25,18.4,14.6,deep blue white,1.58991,Callisto-8,15.75,1.75,6.7,blue white,1.37003,Callisto-9,17.45,0.35,5.95,yellow,1.00217,Callisto-10,3.45,1.65,3.7,blue white,1.25617,Callisto-11,5.5,13.8,1.95,deep blue white,1.79344,Callisto-12,2.55,4.85,3.75,orange,0.822465,Callisto-13,7.75,17.45,11.55,deep blue white,2.13605,Callisto-14,3,2.7,2.65,orange,0.686414,Callisto-15,6.6,19.1,14.35,deep blue white,1.69024,Callisto-16,5.55,17.05,12,red,0.261778,Callisto-17,4.9,1.4,1.25,orange,0.583743,Callisto-18,5.4,14.55,2.3,deep blue white,2.41032,Callisto-19,8.25,14.5,4.5,red,0.440465,Callisto-20,7.25,13.05,3.8,red,0.374757,Callisto-21,5.65,19.65,12.8,white,70
84000000,Callisto-1,6.9,13.9,1.7,deep blue white,2.12504,Callisto-2,6.9,7.05,18.65,deep blue white,2.44148,Callisto-3,5.8,7.85,17.6,blue white,1.25713,Callisto-4,18.25,2.55,8.3,red,100,Callisto-5,7.4,15.05,10.3,blue,1.4e-05,Callisto-6,2.75,3.9,2.7,blue white,1.26934,Callisto-7,5.25,18.4,14.6,deep blue white,1.58991,Callisto-8,15.75,1.75,6.7,blue white,1.37003,Callisto-9,17.45,0.35,5.95,yellow,1.00217,Callisto-10,3.45,1.65,3.7,blue white,1.25617,Callisto-11,5.5,13.8,1.95,deep blue white,1.79344,Callisto-12,2.55,4.85,3.75,orange,0.822465,Callisto-13,7.75,17.45,11.55,deep blue white,2.13605,Callisto-14,3,2.7,2.65,orange,0.686414,Callisto-15,6.6,19.1,14.35,deep blue white,1.69024,Callisto-16,5.55,17.05,12,red,0.261778,Callisto-17,4.9,1.4,1.25,orange,0.583743,Callisto-18,5.4,14.55,2.3,deep blue white,2.41032,Callisto-19,8.25,14.5,4.5,red,0.440465,Callisto-20,7.25,13.05,3.8,red,0.374757,Callisto-21,5.65,19.65,12.8,white,70
85000000,Callisto-1,6.9,13.9,1.7,deep blue white,2.12504,Callisto-2,6.9,7.05,18.65,deep blue white,2.44148,Callisto-3,5.8,7.85,17.6,blue white,1.25713,Callisto-4,18.25,2.55,8.3,red,100,Callisto-5,7.4,15.05,10.3,blue,1.4e-05,Callisto-6,2.75,3.9,2.7,blue white,1.26934,Callisto-7,5.25,18.4,14.6,deep blue white,1.58991,Callisto-8,15.75,1.75,6.7,blue white,1.37003,Callisto-9,17.45,0.35,5.95,yellow,1.00217,Callisto-10,3.45,1.65,3.7,blue white,1.25617,Callisto-11,5.5,13.8,1.95,deep blue white,1.79344,Callisto-12,2.55,4.85,3.75,orange,0.822465,Callisto-13,7.75,17.45,11.55,deep blue white,2.13605,Callisto-14,3,2.7,2.65,orange,0.686414,Callisto-15,6.6,19.1,14.35,deep blue white,1.69024,Callisto-16,5.55,17.05,12,red,0.261778,Callisto-17,4.9,1.4,1.25,orange,0.583743,Callisto-18,5.4,14.55,2.3,deep blue white,2.41032,Callisto-19,8.25,14.5,4.5,red,0.440465,Callisto-20,7.25,13.05,3.8,red,0.374757,Callisto-21,5.65,19.65,12.8,white,70
86000000,Callisto-1,6.9,13.9,1.7,deep blue white,2.12504,Callisto-2,6.9,7.05,18.65,deep blue white,2.44148,Callisto-3,5.8,7.85,17.6,blue white,1.25713,Callisto-4,18.25,2.55,8.3,red,100,Callisto-5,7.4,15.05,10.3,blue,1.4e-05,Callisto-6,2.75,3.9,2.7,blue white,1.26934,Callisto-7,5.25,18.4,14.6,deep blue white,1.58991,Callisto-8,15.75,1.75,6.7,blue white,1.37003,Callisto-9,17.45,0.35,5.95,yellow,1.00217,Callisto-10,3.45,1.65,3.7,blue white,1.25617,Callisto-11,5.5,13.8,1.95,deep blue white,1.79344,Callisto-12,2.55,4.85,3.75,orange,0.822465,Callisto-13,7.75,17.45,11.55,deep blue white,2.13605,Callisto-14,3,2.7,2.65,orange,0.686414,Callisto-15,6.6,19.1,14.35,deep blue white,1.69024,Callisto-16,5.55,17.05,12,red,0.261778,Callisto-17,4.9,1.4,1.25,orange,0.583743,Callisto-18,5.4,14.55,2.3,deep blue white,2.41032,Callisto-19,8.25,14.5,4.5,red,0.440465,Callisto-20,7.25,13.05,3.8,red,0.374757,Callisto-21,5.65,19.65,12.8,white,70
87000000,Callisto-1,6.9,13.9,1.7,deep blue white,2.12504,Callisto-2,6.9,7.05,18.65,deep blue white,2.44148,Callisto-3,5.8,7.85,17.6,blue white,1.25713,Callisto-4,18.25,2.55,8.3,red,100,Callisto-5,7.4,15.05,10.3,blue,1.4e-05,Callisto-6,2.75,3.9,2.7,blue white,1.26934,Callisto-7,5.25,18.4,14.6,deep blue white,1.58991,Callisto-8,15.75,1.75,6.7,blue white,1.37003,Callisto-9,17.45,0.35,5.95,yellow,1.00217,Callisto-10,3.45,1.65,3.7,blue white,1.25617,Callisto-11,5.5,13.8,1.95,deep blue white,1.79344,Callisto-12,2.55,4.85,3.75,orange,0.822465,Callisto-13,7.75,17.45,11.55,deep blue white,2.13605,Callisto-14,3,2.7,2.65,orange,0.686414,Callisto-15,6.6,19.1,14.35,deep blue white,1.69024,Callisto-16,5.55,17.05,12,red,0.261778,Callisto-17,4.9,1.4,1.25,orange,0.583743,Callisto-18,5.4,14.55,2.3,deep blue white,2.41032,Callisto-19,8.25,14.5,4.5,red,0.440465,Callisto-20,7.25,13.05,3.8,red,0.374757,Callisto-21,5.65,19.65,12.8,white,70
88000000,Callisto-1,6.9,13.9,1.7,deep blue white,2.12504,Callisto-2,6.9,7.05,18.65,deep blue white,2.44148,Callisto-3,5.8,7.85,17.6,blue white,1.25713,Callisto-4,18.25,2.55,8.3,red,100,Callisto-5,7.4,15.05,10.3,blue,1.4e-05,Callisto-6,2.75,3.9,2.7,blue white,1.26934,Callisto-7,5.25,18.4,14.6,deep blue white,1.58991,Callisto-8,15.75,1.75,6.7,blue white,1.37003,Callisto-9,17.45,0.35,5.95,yellow,1.00217,Callisto-10,3.45,1.65,3.7,blue white,1.25617,Callisto-11,5.5,13.8,1.95,deep blue white,1.79344,Callisto-12,2.55,4.85,3.75,orange,0.822465,Callisto-13,7.75,17.45,11.55,deep blue white,2.13605,Callisto-14,3,2.7,2.65,orange,0.686414,Callisto-15,6.6,19.1,14.35,deep blue white,1.69024,Callisto-16,5.55,17.05,12,red,0.261778,Callisto-17,4.9,1.4,1.25,orange,0.583743,Callisto-18,5.4,14.55,2.3,deep blue white,2.41032,Callisto-19,8.25,14.5,4.5,red,0.440465,Callisto-20,7.25,13.05,3.8,red,0.374757,Callisto-21,5.65,19.65,12.8,white,70
89000000,Callisto-1,6.9,13.9,1.7,deep blue white,2.12504,Callisto-2,6.9,7.05,18.65,deep blue white,2.44148,Callisto-3,5.8,7.85,17.6,blue white,1.25713,Callisto-4,18.25,2.55,8.3,red,100,Callisto-5,7.4,15.05,10.3,blue,1.4e-05,Callisto-6,2.75,3.9,2.7,blue white,1.26934,Callisto-7,5.25,18.4,14.6,deep blue white,1.58991,Callisto-8,15.75,1.75,6.7,blue white,1.37003,Callisto-9,17.45,0.35,5.95,yellow,1.00217,Callisto-10,3.45,1.65,3.7,blue white,1.25617,Callisto-11,5.5,13.8,1.95,deep blue white,1.79344,Callisto-12,2.55,4.85,3.75,orange,0.822465,Callisto-13,7.75,17.45,11.55,deep blue white,2.13605,Callisto-14,3,2.7,2.65,orange,0.686414,Callisto-15,6.6,19.1,14.35,deep blue white,1.69024,Callisto-16,5.55,17.05,12,red,0.261778,Callisto-17,4.9,1.4,1.25,orange,0.583743,Callisto-18,5.4,14.55,2.3,deep blue white,2.41032,Callisto-19,8.25,14.5,4.5,red,0.440465,Callisto-20,7.25,13.05,3.8,red,0.374757,Callisto-21,5.65,19.65,12.8,white,70
90000000,Callisto-1,6.9,13.9,1.7,deep blue white,2.12504,Callisto-2,6.9,7.05,18.65,deep blue white,2.44148,Callisto-3,5.8,7.85,17.6,blue white,1.25713,Callisto-4,18.25,2.55,8.3,red,100,Callisto-5,7.4,15.05,10.3,blue,1.4e-05,Callisto-6,2.75,3.9,2.7,blue white,1.26934,Callisto-7,5.25,18.4,14.6,deep blue white,1.58991,Callisto-8,15.75,1.75,6.7,blue white,1.37003,Callisto-9,17.45,0.35,5.95,yellow,1.00217,Callisto-10,3.45,1.65,3.7,blue white,1.25617,Callisto-11,5.5,13.8,1.95,deep blue white,1.79344,Callisto-12,2.55,4.85,3.75,orange,0.822465,Callisto-13,7.75,17.45,11.55,deep blue white,2.13605,Callisto-14,3,2.7,2.65,orange,0.686414,Callisto-15,6.6,19.1,14.35,deep blue white,1.69024,Callisto-16,5.55,17.05,12,red,0.261778,Callisto-17,4.9,1.4,1.25,orange,0.583743,Callisto-18,5.4,14.55,2.3,deep blue white,2.41032,Callisto-19,8.25,14.5,4.5,red,0.440465,Callisto-20,7.25,13.05,3.8,red,0.374757,Callisto-21,5.65,19.65,12.8,deep blue white,1.86547
91000000,Callisto-1,6.9,13.9,1.7,deep blue white,2.12504,Callisto-2,6.9,7.05,18.65,deep blue white,2.44148,Callisto-3,5.8,7.85,17.6,blue white,1.25713,Callisto-4,18.25,2.55,8.3,red,100,Callisto-5,7.4,15.05,10.3,blue,1.4e-05,Callisto-6,2.75,3.9,2.7,blue white,1.26934,Callisto-7,5.25,18.4,14.6,deep blue white,1.58991,Callisto-8,15.75,1.75,6.7,blue white,1.37003,Callisto-9,17.45,0.35,5.95,yellow,1.00217,Callisto-10,3.45,1.65,3.7,blue white,1.25617,Callisto-11,5.5,13.8,1.95,deep blue white,1.79344,Callisto-12,2.55,4.85,3.75,orange,0.822465,Callisto-13,7.75,17.45,11.55,deep blue white,2.13605,Callisto-14,3,2.7,2.65,orange,0.686414,Callisto-15,6.6,19.1,14.35,deep blue white,1.69024,Callisto-16,5.55,17.05,12,red,0.261778,Callisto-17,4.9,1.4,1.25,orange,0.583743,Callisto-18,5.4,14.55,2.3,deep blue white,2.41032,Callisto-19,8.25,14.5,4.5,red,0.440465,Callisto-20,7.25,13.05,3.8,red,0.374757,Callisto-21,5.65,19.65,12.8,deep blue white,1.86547
92000000,Callisto-1,6.9,13.9,1.7,deep blue white,2.12504,Callisto-2,6.9,7.05,18.65,deep blue white,2.44148,Callisto-3,5.8,7.85,17.6,blue white,1.25713,Callisto-4,18.25,2.55,8.3,red,100,Callisto-5,7.4,15.05,10.3,blue,1.4e-05,Callisto-6,2.75,3.9,2.7,blue white,1.26934,Callisto-7,5.25,18.4,14.6,deep blue white,1.58991,Callisto-8,15.75,1.75,6.7,blue white,1.37003,Callisto-9,17.45,0.35,5.95,yellow,1.00217,Callisto-10,3.45,1.65,3.7,blue white,1.25617,Callisto-11,5.5,13.8,1.95,deep blue white,1.79344,Callisto-12,2.55,4.85,3.75,orange,0.822465,Callisto-13,7.75,17.45,11.55,deep blue white,2.13605,Callisto-14,3,2.7,2.65,orange,0.686414,Callisto-15,6.6,19.1,14.35,deep blue white,1.69024,Callisto-16,5.55,17.05,12,red,0.261778,Callisto-17,4.9,1.4,1.25,orange,0.583743,Callisto-18,5.4,14.55,2.3,deep blue white,2.41032,Callisto-19,8.25,14.5,4.5,red,0.440465,Callisto-20,7.25,13.05,3.8,red,0.374757,Callisto-21,5.65,19.65,12.8,deep blue white,1.86547
93000000,Callisto-1,6.9,13.9,1.7,deep blue white,2.12504,Callisto-2,6.9,7.05,18.65,deep blue white,2.44148,Callisto-3,5.8,7.85,17.6,blue white,1.25713,Callisto-4,18.25,2.55,8.3,red,100,Callisto-5,7.4,15.05,10.3,blue,1.4e-05,Callisto-6,2.75,3.9,2.7,blue white,1.26934,Callisto-7,5.25,18.4,14.6,deep blue white,1.58991,Callisto-8,15.75,1.75,6.7,blue white,1.37003,Callisto-9,17.45,0.35,5.95,yellow,1.00217,Callisto-10,3.45,1.65,3.7,blue white,1.25617,Callisto-11,5.5,13.8,1.95,deep blue white,1.79344,Callisto-12,2.55,4.85,3.75,orange,0.822465,Callisto-13,7.75,17.45,11.55,deep blue white,2.13605,Callisto-14,3,2.7,2.65,orange,0.686414,Callisto-15,6.6,19.1,14.35,deep blue white,1.69024,Callisto-16,5.55,17.05,12,red,0.261778,Callisto-17,4.9,1.4,1.25,orange,0.583743,Callisto-18,5.4,14.55,2.3,deep blue white,2.41032,Callisto-19,8.25,14.5,4.5,red,0.440465,Callisto-20,7.25,13.05,3.8,red,0.374757,Callisto-21,5.65,19.65,12.8,deep blue white,1.86547
94000000,Callisto-1,6.9,13.9,1.7,deep blue white,2.12504,Callisto-2,6.9,7.05,18.65,deep blue white,2.44148,Callisto-3,5.8,7.85,17.6,blue white,1.25713,Callisto-4,18.25,2.55,8.3,red,100,Callisto-5,7.4,15.05,10.3,blue,1.4e-05,Callisto-6,2.75,3.9,2.7,blue white,1.26934,Callisto-7,5.25,18.4,14.6,deep blue white,1.58991,Callisto-8,15.75,1.75,6.7,blue white,1.37003,Callisto-9,17.45,0.35,5.95,yellow,1.00217,Callisto-10,3.45,1.65,3.7,blue white,1.25617,Callisto-11,5.5,13.8,1.95,deep blue white,1.79344,Callisto-12,2.55,4.85,3.75,orange,0.822465,Callisto-13,7.75,17.45,11.55,deep blue white,2.13605,Callisto-14,3,2.7,2.65,orange,0.686414,Callisto-15,6.6,19.1,14.35,deep blue white,1.69024,Callisto-16,5.55,17.05,12,red,0.261778,Callisto-17,4.9,1.4,1.25,orange,0.583743,Callisto-18,5.4,14.55,2.3,deep blue white,2.41032,Callisto-19,8.25,14.5,4.5,red,0.440465,Callisto-20,7.25,13.05,3.8,red,0.374757,Callisto-21,5.65,19.65,12.8,deep blue white,1.86547
95000000,Callisto-1,6.9,13.9,1.7,deep blue white,2.12504,Callisto-2,6.9,7.05,18.65,deep blue white,2.44148,Callisto-3,5.8,7.85,17.6,blue white,1.25713,Callisto-4,18.25,2.55,8.3,red,100,Callisto-5,7.4,15.05,10.3,blue,1.4e-05,Callisto-6,2.75,3.9,2.7,blue white,1.26934,Callisto-7,5.25,18.4,14.6,deep blue white,1.58991,Callisto-8,15.75,1.75,6.7,blue white,1.37003,Callisto-9,17.45,0.35,5.95,yellow,1.00217,Callisto-10,3.45,1.65,3.7,blue white,1.25617,Callisto-11,5.5,13.8,1.95,deep blue white,1.79344,Callisto-12,2.55,4.85,3.75,orange,0.822465,Callisto-13,7.75,17.45,11.55,deep blue white,2.13605,Callisto-14,3,2.7,2.65,orange,0.686414,Callisto-15,6.6,19.1,14.35,deep blue white,1.69024,Callisto-16,5.55,17.05,12,red,0.261778,Callisto-17,4.9,1.4,1.25,orange,0.583743,Callisto-18,5.4,14.55,2.3,deep blue white,2.41032,Callisto-19,8.25,14.5,4.5,red,0.440465,Callisto-20,7.25,13.05,3.8,red,0.374757,Callisto-21,5.65,19.65,12.8,deep blue white,1.86547
96000000,Callisto-1,6.9,13.9,1.7,deep blue white,2.12504,Callisto-2,6.9,7.05,18.65,deep blue white,2.44148,Callisto-3,5.8,7.85,17.6,blue white,1.25713,Callisto-4,18.25,2.55,8.3,red,100,Callisto-5,7.4,15.05,10.3,blue,1.4e-05,Callisto-6,2.75,3.9,2.7,blue white,1.26934,Callisto-7,5.25,18.4,14.6,deep blue white,1.58991,Callisto-8,15.75,1.75,6.7,blue white,1.37003,Callisto-9,17.45,0.35,5.95,yellow,1.00217,Callisto-10,3.45,1.65,3.7,blue white,1.25617,Callisto-11,5.5,13.8,1.95,deep blue white,1.79344,Callisto-12,2.55,4.85,3.75,orange,0.822465,Callisto-13,7.75,17.45,11.55,deep blue white,2.13605,Callisto-14,3,2.7,2.65,orange,0.686414,Callisto-15,6.6,19.1,14.35,deep blue white,1.69024,Callisto-16,5.55,17.05,12,red,0.261778,Callisto-17,4.9,1.4,1.25,orange,0.583743,Callisto-18,5.4,14.55,2.3,deep blue white,2.41032,Callisto-19,8.25,14.5,4.5,red,0.440465,Callisto-20,7.25,13.05,3.8,red,0.374757,Callisto-21,5.65,19.65,12.8,deep blue white,1.86547
97000000,Callisto-1,6.9,13.9,1.7,deep blue white,2.12504,Callisto-2,6.9,7.05,18.65,deep blue white,2.44148,Callisto-3,5.8,7.85,17.6,blue white,1.25713,Callisto-4,18.25,2.55,8.3,red,100,Callisto-5,7.4,15.05,10.3,blue,1.4e-05,Callisto-6,2.75,3.9,2.7,blue white,1.26934,Callisto-7,5.25,18.4,14.6,deep blue white,1.58991,Callisto-8,15.75,1.75,6.7,blue white,1.37003,Callisto-9,17.45,0.35,5.95,yellow,1.00217,Callisto-10,3.45,1.65,3.7,blue white,1.25617,Callisto-11,5.5,13.8,1.95,deep blue white,1.79344,Callisto-12,2.55,4.85,3.75,orange,0.822465,Callisto-13,7.75,17.45,11.55,deep blue white,2.13605,Callisto-14,3,2.7,2.65,orange,0.686414,Callisto-15,6.6,19.1,14.35,deep blue white,1.69024,Callisto-16,5.55,17.05,12,red,0.261778,Callisto-17,4.9,1.4,1.25,orange,0.583743,Callisto-18,5.4,14.55,2.3,deep blue white,2.41032,Callisto-19,8.25,14.5,4.5,red,0.440465,Callisto-20,7.25,13.05,3.8,red,0.374757,Callisto-21,5.65,19.65,12.8,deep blue white,1.86547
98000000,Callisto-1,6.9,13.9,1.7,deep blue white,2.12504,Callisto-2,6.9,7.05,18.65,deep blue white,2.44148,Callisto-3,5.8,7.85,17.6,blue white,1.25713,Callisto-4,18.25,2.55,8.3,red,100,Callisto-5,7.4,15.05,10.3,blue,1.4e-05,Callisto-6,2.75,3.9,2.7,blue white,1.26934,Callisto-7,5.25,18.4,14.6,deep blue white,1.58991,Callisto-8,15.75,1.75,6.7,blue white,1.37003,Callisto-9,17.45,0.35,5.95,yellow,1.00217,Callisto-10,3.45,1.65,3.7,blue white,1.25617,Callisto-11,5.5,13.8,1.95,deep blue white,1.79344,Callisto-12,2.55,4.85,3.75,orange,0.822465,Callisto-13,7.75,17.45,11.55,deep blue white,2.13605,Callisto-14,3,2.7,2.65,orange,0.686414,Callisto-15,6.6,19.1,14.35,deep blue white,1.69024,Callisto-16,5.55,17.05,12,red,0.261778,Callisto-17,4.9,1.4,1.25,orange,0.583743,Callisto-18,5.4,14.55,2.3,deep blue white,2.41032,Callisto-19,8.25,14.5,4.5,red,0.440465,Callisto-20,7.25,13.05,3.8,red,0.374757,Callisto-21,5.65,19.65,12.8,deep blue white,1.86547
99000000,Callisto-1,6.9,13.9,1.7,deep blue white,2.12504,Callisto-2,6.9,7.05,18.65,deep blue white,2.44148,Callisto-3,5.8,7.85,17.6,blue white,1.25713,Callisto-4,18.25,2.55,8.3,red,100,Callisto-5,7.4,15.05,10.3,blue,1.4e-05,Callisto-6,2.75,3.9,2.7,blue white,1.26934,Callisto-7,5.25,18.4,14.6,deep blue white,1.58991,Callisto-8,15.75,1.75,6.7,blue white,1.37003,Callisto-9,17.45,0.35,5.95,yellow,1.00217,Callisto-10,3.45,1.65,3.7,blue white,1.25617,Callisto-11,5.5,13.8,1.95,deep blue white,1.79344,Callisto-12,2.55,4.85,3.75,orange,0.822465,Callisto-13,7.75,17.45,11.55,deep blue white,2.13605,Callisto-14,3,2.7,2.65,orange,0.686414,Callisto-15,6.6,19.1,14.35,deep blue white,1.69024,Callisto-16,5.55,17.05,12,red,0.261778,Callisto-17,4.9,1.4,1.25,orange,0.583743,Callisto-18,5.4,14.55,2.3,deep blue white,2.41032,Callisto-19,8.25,14.5,4.5,red,0.440465,Callisto-20,7.25,13.05,3.8,red,0.374757,Callisto-21,5.65,19.65,12.8,deep blue white,1.86547
100000000,Callisto-1,6.9,13.9,1.7,deep blue white,2.12504,Callisto-2,6.9,7.05,18.65,deep blue white,2.44148,Callisto-3,5.8,7.85,17.6,blue white,1.25713,Callisto-4,18.25,2.55,8.3,red,100,Callisto-5,7.4,15.05,10.3,blue,1.4e-05,Callisto-6,2.75,3.9,2.7,blue white,1.26934,Callisto-7,5.25,18.4,14.6,deep blue white,1.58991,Callisto-8,15.75,1.75,6.7,blue white,1.37003,Callisto-9,17.45,0.35,5.95,yellow,1.00217,Callisto-10,3.45,1.65,3.7,blue white,1.25617,Callisto-11,5.5,13.8,1.95,deep blue white,1.79344,Callisto-12,2.55,4.85,3.75,orange,0.822465,Callisto-13,7.75,17.45,11.55,deep blue white,2.13605,Callisto-14,3,2.7,2.65,orange,0.686414,Callisto-15,6.6,19.1,14.35,deep blue white,1.69024,Callisto-16,5.55,17.05,12,red,0.261778,Callisto-17,4.9,1.4,1.25,orange,0.583743,Callisto-18,5.4,14.55,2.3,deep blue white,2.41032,Callisto-19,8.25,14.5,4.5,red,0.440465,Callisto-20,7.25,13.05,3.8,red,0.374757,Callisto-21,5.65,19.65,12.8,deep blue white,1.86547
101000000,Callisto-1,6.9,13.9,1.7,deep blue white,2.12504,Callisto-2,6.9,7.05,18.65,deep blue white,2.44148,Callisto-3,5.8,7.85,17.6,blue white,1.25713,Callisto-4,18.25,2.55,8.3,red,100,Callisto-5,7.4,15.05,10.3,blue,1.4e-05,Callisto-6,2.75,3.9,2.7,blue white,1.26934,Callisto-7,5.25,18.4,14.6,deep blue white,1.58991,Callisto-8,15.75,1.75,6.7,blue white,1.37003,Callisto-9,17.45,0.35,5.95,yellow,1.00217,Callisto-10,3.45,1.65,3.7,blue white,1.25617,Callisto-11,5.5,13.8,1.95,deep blue white,1.79344,Callisto-12,2.55,4.85,3.75,orange,0.822465,Callisto-13,7.75,17.45,11.55,deep blue white,2.13605,Callisto-14,3,2.7,2.65,orange,0.686414,Callisto-15,6.6,19.1,14.35,deep blue white,1.69024,Callisto-16,5.55,17.05,12,red,0.261778,Callisto-17,4.9,1.4,1.25,orange,0.583743,Callisto-18,5.4,14.55,2.3,deep blue white,2.41032,Callisto-19,8.25,14.5,4.5,red,0.440465,Callisto-20,7.25,13.05,3.8,red,0.374757,Callisto-21,5.65,19.65,12.8,deep blue white,1.86547
102000000,Callisto-1,6.9,13.9,1.7,deep blue white,2.12504,Callisto-2,6.9,7.05,18.65,deep blue white,2.44148,Callisto-3,5.8,7.85,17.6,blue white,1.25713,Callisto-4,18.25,2.55,8.3,red,100,Callisto-5,7.4,15.05,10.3,blue,1.4e-05,Callisto-6,2.75,3.9,2.7,blue white,1.26934,Callisto-7,5.25,18.4,14.6,deep blue white,1.58991,Callisto-8,15.75,1.75,6.7,blue white,1.37003,Callisto-9,17.45,0.35,5.95,yellow,1.00217,Callisto-10,3.45,1.65,3.7,blue white,1.25617,Callisto-11,5.5,13.8,1.95,deep blue white,1.79344,Callisto-12,2.55,4.85,3.75,orange,0.822465,Callisto-13,7.75,17.45,11.55,deep blue white,2.13605,Callisto-14,3,2.7,2.65,orange,0.686414,Callisto-15,6.6,19.1,14.35,deep blue white,1.69024,Callisto-16,5.55,17.05,12,red,0.261778,Callisto-17,4.9,1.4,1.25,orange,0.583743,Callisto-18,5.4,14.55,2.3,deep blue white,2.41032,Callisto-19,8.25,14.5,4.5,red,0.440465,Callisto-20,7.25,13.05,3.8,red,0.374757,Callisto-21,5.65,19.65,12.8,deep blue white,1.86547
103000000,Callisto-1,6.9,13.9,1.7,deep blue white,2.12504,Callisto-2,6.9,7.05,18.65,deep blue white,2.44148,Callisto-3,5.8,7.85,17.6,blue white,1.25713,Callisto-4,18.25,2.55,8.3,red,100,Callisto-5,7.4,15.05,10.3,blue,1.4e-05,Callisto-6,2.75,3.9,2.7,blue white,1.26934,Callisto-7,5.25,18.4,14.6,deep blue white,1.58991,Callisto-8,15.75,1.75,6.7,blue white,1.37003,Callisto-9,17.45,0.35,5.95,yellow,1.00217,Callisto-10,3.45,1.65,3.7,blue white,1.25617,Callisto-11,5.5,13.8,1.95,deep blue white,1.79344,Callisto-12,2.55,4.85,3.75,orange,0.822465,Callisto-13,7.75,17.45,11.55,deep blue white,2.13605,Callisto-14,3,2.7,2.65,orange,0.686414,Callisto-15,6.6,19.1,14.35,deep blue white,1.69024,Callisto-16,5.55,17.05,12,red,0.261778,Callisto-17,4.9,1.4,1.25,orange,0.583743,Callisto-18,5.4,14.55,2.3,deep blue white,2.41032,Callisto-19,8.25,14.5,4.5,red,0.440465,Callisto-20,7.25,13.05,3.8,red,0.374757,Callisto-21,5.65,19.65,12.8,deep blue white,1.86547
104000000,Callisto-1,6.9,13.9,1.7,deep blue white,2.12504,Callisto-2,6.9,7.05,18.65,deep blue white,2.44148,Callisto-3,5.8,7.85,17.6,blue white,1.25713,Callisto-4,18.25,2.55,8.3,red,100,Callisto-5,7.4,15.05,10.3,blue,1.4e-05,Callisto-6,2.75,3.9,2.7,blue white,1.26934,Callisto-7,5.25,18.4,14.6,deep blue white,1.58991,Callisto-8,15.75,1.75,6.7,blue white,1.37003,Callisto-9,17.45,0.35,5.95,yellow,1.00217,Callisto-10,3.45,1.65,3.7,blue white,1.25617,Callisto-11,5.5,13.8,1.95,deep blue white,1.79344,Callisto-12,2.55,4.85,3.75,orange,0.822465,Callisto-13,7.75,17.45,11.55,deep blue white,2.13605,Callisto-14,3,2.7,2.65,orange,0.686414,Callisto-15,6.6,19.1,14.35,deep blue white,1.69024,Callisto-16,5.55,17.05,12,red,0.261778,Callisto-17,4.9,1.4,1.25,orange,0.583743,Callisto-18,5.4,14.55,2.3,deep blue white,2.41032,Callisto-19,8.25,14.5,4.5,red,0.440465,Callisto-20,7.25,13.05,3.8,red,0.374757,Callisto-21,5.65,19.65,12.8,deep blue white,1.86547
105000000,Callisto-1,6.9,13.9,1.7,deep blue white,2.12504,Callisto-2,6.9,7.05,18.65,deep blue white,2.44148,Callisto-3,5.8,7.85,17.6,blue white,1.25713,Callisto-4,18.25,2.55,8.3,red,100,Callisto-5,7.4,15.05,10.3,blue,1.4e-05,Callisto-6,2.75,3.9,2.7,blue white,1.26934,Callisto-7,5.25,18.4,14.6,deep blue white,1.58991,Callisto-8,15.75,1.75,6.7,blue white,1.37003,Callisto-9,17.45,0.35,5.95,yellow,1.00217,Callisto-10,3.45,1.65,3.7,blue white,1.25617,Callisto-11,5.5,13.8,1.95,deep blue white,1.79344,Callisto-12,2.55,4.85,3.75,orange,0.822465,Callisto-13,7.75,17.45,11.55,deep blue white,2.13605,Callisto-14,3,2.7,2.65,orange,0.686414,Callisto-15,6.6,19.1,14.35,deep blue white,1.69024,Callisto-16,5.55,17.05,12,red,0.261778,Callisto-17,4.9,1.4,1.25,orange,0.583743,Callisto-18,5.4,14.55,2.3,deep blue white,2.41032,Callisto-19,8.25,14.5,4.5,red,0.440465,Callisto-20,7.25,13.05,3.8,red,0.374757,Callisto-21,5.65,19.65,12.8,deep blue white,1.86547
106000000,Callisto-1,6.9,13.9,1.7,deep blue white,2.12504,Callisto-2,6.9,7.05,18.65,deep blue white,2.44148,Callisto-3,5.8,7.85,17.6,blue white,1.25713,Callisto-4,18.25,2.55,8.3,red,100,Callisto-5,7.4,15.05,10.3,blue,1.4e-05,Callisto-6,2.75,3.9,2.7,blue white,1.26934,Callisto-7,5.25,18.4,14.6,deep blue white,1.58991,Callisto-8,15.75,1.75,6.7,blue white,1.37003,Callisto-9,17.45,0.35,5.95,yellow,1.00217,Callisto-10,3.45,1.65,3.7,blue white,1.25617,Callisto-11,5.5,13.8,1.95,deep blue white,1.79344,Callisto-12,2.55,4.85,3.75,orange,0.822465,Callisto-13,7.75,17.45,11.55,deep blue white,2.13605,Callisto-14,3,2.7,2.65,orange,0.686414,Callisto-15,6.6,19.1,14.35,deep blue white,1.69024,Callisto-16,5.55,17.05,12,red,0.261778,Callisto-17,4.9,1.4,1.25,orange,0.583743,Callisto-18,5.4,14.55,2.3,deep blue white,2.41032,Callisto-19,8.25,14.5,4.5,red,0.440465,Callisto-20,7.25,13.05,3.8,red,0.374757,Callisto-21,5.65,19.65,12.8,deep blue white,1.86547,Callisto-22,5.1,17.25,11.3,white,70
107000000,Callisto-1,6.9,13.9,1.7,deep blue white,2.12504,Callisto-2,6.9,7.05,18.65,deep blue white,2.44148,Callisto-3,5.8,7.85,17.6,blue white,1.25713,Callisto-4,18.25,2.55,8.3,red,100,Callisto-5,7.4,15.05,10.3,blue,1.4e-05,Callisto-6,2.75,3.9,2.7,blue white,1.26934,Callisto-7,5.25,18.4,14.6,deep blue white,1.58991,Callisto-8,15.75,1.75,6.7,blue white,1.37003,Callisto-9,17.45,0.35,5.95,yellow,1.00217,Callisto-10,3.45,1.65,3.7,blue white,1.25617,Callisto-11,5.5,13.8,1.95,deep blue white,1.79344,Callisto-12,2.55,4.85,3.75,orange,0.822465,Callisto-13,7.75,17.45,11.55,deep blue white,2.13605,Callisto-14,3,2.7,2.65,orange,0.686414,Callisto-15,6.6,19.1,14.35,deep blue white,1.69024,Callisto-16,5.55,17.05,12,red,0.261778,Callisto-17,4.9,1.4,1.25,orange,0.583743,Callisto-18,5.4,14.55,2.3,deep blue white,2.41032,Callisto-19,8.25,14.5,4.5,red,0.440465,Callisto-20,7.25,13.05,3.8,red,0.374757,Callisto-21,5.65,19.65,12.8,deep blue white,1.86547,Callisto-22,5.1,17.25,11.3,white,70,Callisto-23,8.05,17.65,14.85,white,70
108000000,Callisto-1,6.9,13.9,1.7,deep blue white,2.12504,Callisto-2,6.9,7.05,18.65,deep blue white,2.44148,Callisto-3,5.8,7.85,17.6,blue white,1.25713,Callisto-4,18.25,2.55,8.3,red,100,Callisto-5,7.4,15.05,10.3,blue,1.4e-05,Callisto-6,2.75,3.9,2.7,blue white,1.26934,Callisto-7,5.25,18.4,14.6,deep blue white,1.58991,Callisto-8,15.75,1.75,6.7,blue white,1.37003,Callisto-9,17.45,0.35,5.95,yellow,1.00217,Callisto-10,3.45,1.65,3.7,blue white,1.25617,Callisto-11,5.5,13.8,1.95,deep blue white,1.79344,Callisto-12,2.55,4.85,3.75,orange,0.822465,Callisto-13,7.75,17.45,11.55,deep blue white,2.13605,Callisto-14,3,2.7,2.65,orange,0.686414,Callisto-15,6.6,19.1,14.35,deep blue white,1.69024,Callisto-16,5.55,17.05,12,red,0.261778,Callisto-17,4.9,1.4,1.25,orange,0.583743,Callisto-18,5.4,14.55,2.3,deep blue white,2.41032,Callisto-19,8.25,14.5,4.5,red,0.440465,Callisto-20,7.25,13.05,3.8,red,0.374757,Callisto-21,5.65,19.65,12.8,deep blue white,1.86547,Callisto-22,5.1,17.25,11.3,white,70,Callisto-23,8.05,17.65,14.85,white,70
109000000,Callisto-1,6.9,13.9,1.7,deep blue white,2.12504,Callisto-2,6.9,7.05,18.65,deep blue white,2.44148,Callisto-3,5.8,7.85,17.6,blue white,1.25713,Callisto-4,18.25,2.55,8.3,red,100,Callisto-5,7.4,15.05,10.3,blue,1.4e-05,Callisto-6,2.75,3.9,2.7,blue white,1.26934,Callisto-7,5.25,18.4,14.6,deep blue white,1.58991,Callisto-8,15.75,1.75,6.7,blue white,1.37003,Callisto-9,17.45,0.35,5.95,yellow,1.00217,Callisto-10,3.45,1.65,3.7,blue white,1.25617,Callisto-11,5.5,13.8,1.95,deep blue white,1.79344,Callisto-12,2.55,4.85,3.75,orange,0.822465,Callisto-13,7.75,17.45,11.55,deep blue white,2.13605,Callisto-14,3,2.7,2.65,orange,0.686414,Callisto-15,6.6,19.1,14.35,deep blue white,1.69024,Callisto-16,5.55,17.05,12,red,0.261778,Callisto-17,4.9,1.4,1.25,orange,0.583743,Callisto-18,5.4,14.55,2.3,deep blue white,2.41032,Callisto-19,8.25,14.5,4.5,red,0.440465,Callisto-20,7.25,13.05,3.8,red,0.374757,Callisto-21,5.65,19.65,12.8,deep blue white,1.86547,Callisto-22,5.1,17.25,11.3,white,70,Callisto-23,8.05,17.65,14.85,white,70
110000000,Callisto-1,6.9,13.9,1.7,deep blue white,2.12504,Callisto-2,6.9,7.05,18.65,deep blue white,2.44148,Callisto-3,5.8,7.85,17.6,blue white,1.25713,Callisto-4,18.25,2.55,8.3,red,100,Callisto-5,7.4,15.05,10.3,blue,1.4e-05,Callisto-6,2.75,3.9,2.7,blue white,1.26934,Callisto-7,5.25,18.4,14.6,deep blue white,1.58991,Callisto-8,15.75,1.75,6.7,blue white,1.37003,Callisto-9,17.45,0.35,5.95,yellow,1.00217,Callisto-10,3.45,1.65,3.7,blue white,1.25617,Callisto-11,5.5,13.8,1.95,deep blue white,1.79344,Callisto-12,2.55,4.85,3.75,orange,0.822465,Callisto-13,7.75,17.45,11.55,deep blue white,2.13605,Callisto-14,3,2.7,2.65,orange,0.686414,Callisto-15,6.6,19.1,14.35,deep blue white,1.69024,Callisto-16,5.55,17.05,12,red,0.261778,Callisto-17,4.9,1.4,1.25,orange,0.583743,Callisto-18,5.4,14.55,2.3,deep blue white,2.41032,Callisto-19,8.25,14.5,4.5,red,0.440465,Callisto-20,7.25,13.05,3.8,red,0.374757,Callisto-21,5.65,19.65,12.8,deep blue white,1.86547,Callisto-22,5.1,17.25,11.3,white,70,Callisto-23,8.05,17.65,14.85,white,70